keyword,search_num,score
大疆精灵,3,9.78
卡西欧拍照,1,5.74
!日系牛仔裤,1,9.75
瑞士手表天梭,1,7.62
puma 蕾哈娜,7,4.56
GA-120-1A,2,0.0
打汁机,1,1.0
手机充值湖北联通,2,0.71
卡西欧机械表,2,0.0
贵州联通,1,2.45
aj4红漆皮,1,1.0
iPad pro,84,1.81
乔11低帮,2,2.65
华为7,2,1.0
ipad mini2,8,2.24
耐克男鞋2017新款,9,9.6
拉杆箱32,9,3.12
机械表复古,4,6.92
养生壶,1,1.0
iPhone7 P,2,1.0
船袜,5,15.1
智能手表,69,8.72
彪马外套,8,4.8
指甲油,3,8.55
山地车,35,4.53
耐克男,5,1.18
nike,87,4.78
被子,3,2.63
jbl运动,1,3.46
苹果手机,50,1.16
拓野,1,3.61
男书包,4,1.64
豆浆机,14,3.61
遮阳帽,6,2.49
苹果6splas,3,2.1
黄金戒指男,2,3.74
雅马哈,2,4.3
香水coco,1,1.0
腰包男,5,4.11
耐克女包单肩,1,2.24
斯华洛世奇,4,3.82
雪花秀水,1,1.0
情侣鞋,2,5.39
斜挎旅行包,5,6.08
欣兰DMC冻膜,2,1.0
阿玛尼唇,1,1.0
红米Note3,5,0.0
阿迪达斯椰子,16,36.94
投影转换器,3,0.41
Adidas斜挎包,3,0.0
福建电信,1,0.0
苹果线,2,4.24
iPhone 4,3,6.08
跑步,1,4.0
小电视,2,0.0
罗兰,2,3.43
适马35,1,0.0
尼康5300,7,1.81
搪瓷,8,2.89
减肥产品,1,2.65
阿迪篮球鞋,8,4.66
碧柔,1,0.0
耐克华莱士男,2,2.83
篮球短裤,8,7.03
古,2,2.24
华为荣耀v8,5,0.73
联想小新,44,1.5
詹姆斯8代,4,5.73
iPhone 6s,136,0.47
四折清仓,1,3.16
祖马龙琥珀,1,1.73
佛珠,12,3.13
带领体恤,1,4.69
板鞋adidas,2,1.5
dior漆光740,1,0.0
唇膏,3,4.83
vivox7plus,6,2.82
加油卡,12,1.0
韩国,2,1.41
富士xt,2,3.0
fendi钱包,1,5.83
watch,27,1.36
mp4,1,5.48
板鞋男鞋女鞋,3,19.41
NBA,4,5.09
索尼 xzp,1,1.0
鞋女,2,10.63
蓝牙耳麦,2,7.29
匹克篮球,3,2.0
奶粉,3,1.54
海军短袖,1,1.0
best 耳机,2,3.11
游戏组装电脑台式,1,2.45
银手镯,20,9.52
TISSO,1,0.0
NB男鞋,12,18.89
Q币分期,430,0.93
激光脱毛仪,3,2.45
苹果手表手机,3,0.0
坚果Pro,6,0.0
卡西欧600,1,3.87
ck女表,3,5.46
康奈君步,2,9.22
摩托车塞车,2,1.41
一叶子,9,0.67
烤箱,21,1.0
iWatch,11,1.35
迪奥粉底,3,1.89
蔚蓝,1,1.0
娇兰香水EDP,2,3.19
牛仔裤男黑色,2,1.75
浮生若梦,2,3.49
阿迪达斯裤子,7,1.88
凉鞋运动,2,8.31
死飞,2,0.0
831508,2,2.22
三星s7edeg,1,0.0
雷蛇入耳式,1,1.41
男洗发露,1,0.0
植村秀,22,4.27
兰芝,18,1.53
卡西欧电子表,11,12.93
HDMI线,1,0.0
S6edge,2,3.23
握式鼠标,1,1.0
魅族mx 7,2,1.0
adidas,25,9.61
Beats pill,3,4.55
笔记本电脑,66,6.2
beats studio,10,1.58
话费 山东,1,0.0
gtx750,1,1.0
羽绒服男中长款,3,14.8
荣耀v8,5,0.0
Dickies,2,2.92
地下城黑钻,1,0.0
卡西欧手表 EFR-526L-1A,1,1.73
话费充值200,2,3.54
ML574HRF,1,1.41
话费充值,97,1.61
韩式儿童帐篷,3,1.0
812654,2,0.0
雅迪,1,1.73
佳能700D,6,1.68
zoom rev,1,3.0
玫瑰金贝壳头,1,0.0
ipadair2,10,1.46
遮瑕,22,20.42
iPhone6Plus,4,4.01
工兵铲,2,1.58
康卡斯,1,1.41
圣罗兰,22,5.05
耐克高帮足球鞋,1,0.0
男士洗发露,5,1.33
1050ti,8,0.66
手机翻盖,1,0.0
军大衣,1,3.32
双肩包男,8,6.09
石英表,3,3.32
富士机械相机,2,1.41
微单 索尼a6000,1,1.0
索,2,1.73
气垫cc,13,14.9
外星人,193,3.74
瑜伽,1,2.65
AMD CPU,1,3.16
夏季 运动鞋,7,11.27
计步器,1,2.0
a21,1,0.0
碧欧泉,12,10.5
休闲鞋阿迪达斯低帮,3,3.72
锤子M1L,6,1.0
note2,4,0.0
布鞋,3,75.24
阿迪达斯三叶草,15,8.76
四件套,15,4.05
连衣冒,3,6.81
阿迪达斯nmd,22,5.14
韦德,3,36.37
浪凡珍香水,3,5.11
R7,1,0.0
ps4 pro,3,1.0
韩后细肤面膜,2,2.69
AF,1,6.93
新百伦nb999,1,0.0
珠宝首饰,6,12.15
万国表,2,1.79
iphone5s,12,3.76
安奈晒,1,1.0
福建移动,2,2.0
耐克696708,4,1.5
运动短袖,1,0.0
Mac,26,0.95
链条包,23,13.73
VR索尼,2,4.47
美图手机t8,6,0.58
Dw手表男,3,0.41
neo鞋,4,7.98
三叶草 zxfux,1,2.83
DW女,19,2.98
宾得ks2,2,0.0
iPhone 无线耳机,2,0.0
尼康,16,1.02
平衡,1,3.32
vant,2,0.0
游戏台式主机,3,3.94
mata pro 9,8,1.41
蓝天白云,1,0.0
5d3佳能,1,2.24
足金男士戒指,3,5.84
裤子肥大,2,1.63
苹果se数据线,3,0.0
索尼 手机,1,6.0
lg手机,3,1.73
祛斑面膜,3,3.31
鼠,1,1.0
电饼称,2,1.73
智能手环佳明,1,2.24
欧米加,4,2.35
卷发,1,4.8
TCL手机,2,0.71
GTX1060,20,5.3
全国移动,1,4.58
吉列,4,2.82
微星GP,2,0.0
iPhone手环,2,0.5
小蚁,4,0.71
999新百伦中性款,2,1.0
三星c5,12,0.41
手机充值,11,8.34
苹果4,4,6.05
NIKE耐克 正品,2,7.22
七匹狼双肩包,3,4.2
iphone6sp,6,0.0
akg,17,0.81
尼康d610,4,0.0
可可小姐,6,0.0
沙发,4,1.8
玛丽代佳,2,4.77
机械外设,1,3.32
饺子,3,6.86
魔术贴凉鞋,1,1.41
Polo衫,7,4.49
科比球鞋,18,7.7
电饼铛,2,2.06
苹果7P,18,0.88
卓诗尼,1,6.48
美的冰箱,2,2.65
哈登ls,2,2.36
Nike 高帮,2,7.43
kobe11,1,1.73
男裤,27,12.74
阿迪短袖,2,0.0
puma bog,2,2.24
书包女,6,11.05
粉尾阿迪,1,2.24
hyperrev ep篮球鞋,2,0.0
iPhoneSE,4,0.58
小椰子侃爷,1,2.65
西服,6,2.68
三叶草板鞋,11,8.65
尼康镜头1.4,1,2.24
iPhone Se,5,2.32
阿迪达斯运动女鞋,1,3.16
耐克 跑鞋,2,6.72
p10,31,0.4
小米净水器,3,4.93
阿迪达斯夏季裤子,1,0.0
首饰盒,1,0.0
索尼rx100,16,1.21
吉他配件,2,2.92
户外凉鞋,1,5.1
佳能5ds,3,0.0
beats urbeats 2.0,7,0.62
AOC,2,0.0
飞行堡垒,7,0.0
小黑裙,1,1.0
浪琴手表男,21,5.08
滑板鞋,1,1.0
书桌床,2,0.5
jordan拖鞋,2,4.26
河北移动话费,2,1.58
男手表,1,3.0
三叶草男鞋,21,7.86
阿迪达斯镭射,2,1.58
剑灵,2,0.0
PUMA,3,5.2
足球鞋,42,12.6
资生堂,6,3.65
三宅一生,4,10.11
平板电视,1,1.0
博雅塔,1,0.0
HUAWEI nova 2,2,2.65
唇釉,22,6.55
mate 9,4,0.0
阿玛尼唇釉,4,0.29
2k4,1,1.41
奥克斯大一匹空调,2,2.24
Bose,1,1.41
战神,7,2.53
星期五,2,5.7
红色女包,1,6.08
蜡笔口红,1,2.65
u 盘,1,8.19
海南充值,1,0.0
n百伦,7,7.11
极米H1,1,0.0
Iphone7,2,0.0
配饰,1,1.73
苹果6充电器,1,1.0
爱敬气垫,1,0.0
电动车女士,1,1.73
航拍,1,0.0
VANS鞋,1,3.16
组装游戏台式电脑,1,1.0
z17,27,2.78
tory,3,6.39
浪琴名匠,6,3.48
卡西欧运动手表男,1,1.0
玻儿,3,1.1
海盗船 k95,1,0.0
Nike 开拓者,1,1.41
阿迪达斯女鞋贝壳,7,2.36
nike hyperdunk,1,3.74
zippo专用油,2,1.44
oppor11  plus,2,0.0
s75382,1,0.0
iPad Air,13,1.15
海尔三门冰箱,1,0.0
阿迪达斯男短裤,3,1.73
iPhone SE,6,0.65
耐克椰子,15,1.21
眉笔,25,3.04
三星note,4,3.88
佳能镜头,15,3.57
阿迪达斯短袖,64,9.2
雅顿,2,3.65
iPad mini,40,2.74
佳能M10,2,1.0
改善睡眠,1,1.0
手环血压,1,1.73
马克香水,2,4.56
极限陀螺,1,1.0
水杯,6,6.22
oppo r11 plus,2,0.0
威尼斯人,1,2.0
去黑头,4,0.0
潘多拉手链,5,5.18
李宁运动裤,1,3.32
男生衣服,1,1.0
nike板鞋布,2,3.46
macbook air,2,2.45
联想Thinkpad超薄,2,0.0
联想100,1,0.0
11,2,0.0
佳能760D,2,2.92
新人专享,5,3.87
r9s,3,0.0
iphone7 plus,11,0.3
游戏入耳,1,1.0
兰蔻,7,5.86
紧身裤 七分,3,6.39
华为Mate9,7,2.28
Dior 粉底,3,6.74
女款项链,4,7.24
戒指男,1,10.77
短袖女,1,5.74
万宝龙手表,4,3.71
广东电信话费,3,1.63
阿迪Boost,4,5.37
新百伦鞋,8,3.42
华为matebook,2,0.0
大疆精灵SE,3,4.93
lilbetter,1,0.0
情侣手表罗西尼,3,4.29
iwatch,83,1.09
机械键盘 mini,3,5.96
手表,612,9.9
华为v9,15,0.63
金利,1,1.41
多功能榨汁机,2,0.0
女内衣,1,0.0
天梭女表,26,4.41
光学眼镜,6,79.73
360n4s,3,1.0
小米5s,36,0.48
beats pill,2,1.79
洗面刷,1,0.0
海洋之心,1,0.0
迪奥,20,9.73
苹果电脑鼠标,1,0.0
篮球鞋,345,20.65
情侣充电宝,6,4.93
ipad mini4,23,3.05
一字领,1,3.0
男士休闲库,7,40.94
Lumia,1,2.83
椰子鞋350,1,1.0
胶原蛋白,4,4.09
Sony黑卡三代,2,0.0
lv25,3,3.21
840395,3,1.91
AJ2,3,1.29
贝壳,1,1.73
赤足,1,2.24
xplay6,3,0.0
雷神st pro,2,0.0
zuk z2,6,0.0
睫毛膏 玛丽黛佳,1,0.0
招财猫,1,1.73
gucci包,4,16.08
耐克篮球,3,1.0
阿迪跑步鞋,1,0.0
羽绒服女,1,5.57
话费充值辽宁,2,0.0
匹克休闲鞋男2016,2,2.97
陕西移动话费,1,1.0
格力空调变频,3,1.22
360f4,3,1.0
携程礼品卡3500,1,1.41
5d3,9,2.67
mk钱包,2,9.92
话费山东,1,1.73
手机u盘,9,4.54
索尼α7m2,1,1.73
thinkpad,27,6.04
高跟鞋女,1,3.46
百伦,4,16.69
美版苹果6plus,1,6.08
携程携程,4,1.8
V9,6,0.0
双眼皮贴,2,0.0
户外帐篷,5,0.0
山东移动,3,0.41
激光脱毛,7,3.78
碎屏险,15,0.0
adidas BB1100,9,1.56
防晒喷雾,11,2.74
Watch,7,1.15
a6000,1,0.0
苹果平板电脑,9,6.2
i7主机,20,4.88
小新12.2,4,1.0
广东电信流量,1,0.0
华硕13.3笔记本,1,0.0
amd,2,2.47
OPPO11,8,1.32
阿迪达斯 板鞋,1,4.58
se,26,0.71
巴宝莉腰带,4,3.42
爱玛电动车,2,2.67
匡威女短袖,8,8.62
洗衣机烘洗一体,2,1.41
充电宝doca,1,1.0
fx60vm,2,1.41
空调柜机,1,3.16
欧莱雅粉底液,3,0.0
健身,29,5.38
iPhone6p,13,8.97
Sony,3,3.98
唇膏保湿,1,2.0
运动护膝,1,1.73
MAC,1,2.65
三星W2015,2,0.0
小米5s plus,3,0.0
华为P10,36,0.19
剃鼻毛,1,1.0
红米,70,0.67
大表盘手表,2,5.7
皇马,4,10.46
碎屏保,2,0.0
李宁鞋,8,5.64
卡西欧g shock,3,1.91
小白鞋,51,5.78
亚瑟士休闲鞋,3,2.94
a35,1,2.0
红喷,1,1.41
女单鞋,1,4.8
烤架,2,1.0
珍珠项链,10,3.38
微单,15,5.54
莱卡,3,5.3
飞利浦牙刷,3,4.59
新,3,5.33
nars口红mona,1,0.0
施华洛世奇恶魔之眼,11,2.59
耐克夏季男鞋,3,2.45
学生用空调,2,4.56
双肩包女,1,1.73
四川话费,1,0.0
显卡GTX1060,1,1.73
Jeep,5,3.7
卡西欧男，机械表,1,0.0
悦诗风吟,15,4.45
zippo炫兵,2,2.61
长虹,1,2.24
美白精华,5,4.46
香熏,2,0.0
小米5S,6,0.0
华为8,1,2.24
水密码粉底,2,1.0
一加5,1382,0.0
惠普暗影精灵3,12,0.89
Apple Watch,13,2.11
手绘板wacom,14,0.56
黄金项链,29,4.33
身体素颜霜,1,0.0
黄金,5,30.32
话费充值湖南联通,2,1.73
红米4X,3,0.0
联想 小新 air pro,8,1.08
耐克KD10,4,2.55
施华洛世奇跳动的心,1,0.0
美的一级能效空调,2,0.0
thinkpad t470,2,0.0
iPad air,6,1.41
iPhone7Plus,7,0.0
ipad  pro,2,3.32
女士表,1,1.41
修容霜,2,9.51
彪马裤子,2,0.0
huarache男,3,0.58
美式裤子,2,4.31
小冰箱,15,24.72
泊莱雅套装,1,4.69
迪奥包包,1,1.0
学习机初中,2,1.73
李宁板鞋,2,1.58
电吉他,17,3.21
充值,13,4.13
iPadpro键盘,2,0.0
雷霆世纪,2,2.45
躺椅,4,0.71
努比亚Z17,9,0.0
S7edge,3,0.0
kobe12,2,6.61
懒人手机支架,2,0.0
录音师1.5,1,1.73
无声风扇,3,3.82
足浴器,5,8.52
祛痘印,4,21.46
♀女土服装,1,1.41
小米Max,2,0.0
mate9,24,0.56
神舟Z7 kp,3,1.41
iPhone se,22,0.72
乔11大魔王,3,1.08
内衣,5,6.67
古典吉他,1,2.65
小辣椒4A,2,1.0
卡西欧运动手表男黑色,3,7.31
1060 6G,1,1.0
迪奥唇釉,3,8.51
NBA2,1,0.0
佳能D,2,7.07
雷蛇鼠标垫,1,1.41
Beats solo,13,3.13
尼康d7100,15,0.42
周大福,14,3.79
运动背心男,1,5.1
iPad mini3,6,2.2
风衣男,4,3.2
一次成像单反机,2,1.41
游戏本炫龙,1,1.73
一苹果6S,2,0.0
卡西欧运动手表,34,2.77
学习机,1,2.83
白斑马,2,0.71
单反尼康,1,2.45
华硕电脑,6,2.3
xps,2,1.41
耳机头戴,5,5.46
驼背,4,1.0
手机蓝牙打印机,5,0.68
纪梵希包,1,3.0
婴儿,1,6.48
机械键盘樱桃,6,2.21
手表乐菲,1,1.73
vivo X7 plus,7,0.46
钻戒,11,1.68
机械,4,3.98
Aj奥运,1,4.47
罗技G402,5,1.0
燃7000,4,0.0
梦妆 卸妆油,3,7.94
罗西尼镂空机械男表,8,7.9
耐克气垫鞋男,3,4.63
爱丽小屋,11,7.93
蕾哈娜 鞋,3,6.78
微单 索尼,2,0.0
xplay5,1,1.0
太阳镜,20,6.4
华为b2,4,0.0
平板,361,1.01
华为荣耀畅玩6,3,0.0
诺基亚6,17,0.0
耐克女跑步,1,1.0
不锈钢手表男,1,4.8
电信手机华为,1,2.0
耐克镂空鞋,1,0.0
沁水,1,0.0
阿迪裤子,4,2.92
watch2,3,0.0
Wifi,1,3.32
小米5c,36,0.6
椰子 女,25,27.72
ZPPO火机,9,1.29
彩妆,5,10.63
二手iPhone7,2,1.85
防风衣,6,12.46
脱毛器,1,1.0
哈伦裤 收脚,1,5.57
浪琴女表机械,53,21.84
魅族x,5,15.5
oppo R11,9,1.0
Prada,7,5.77
vivoxpl,2,0.0
万斯,18,0.0
耐克max90,1,1.0
芙拉,7,9.7
粉饼,45,3.07
双人体感车,1,0.0
流量浙江,1,0.0
华为P10PLUS,2,0.0
男钱包手拿,4,4.13
微软笔记本二合一,1,0.0
iPhone耳机,3,45.35
华为原装充电器,1,0.0
小新AIR13,2,1.41
剃须,3,3.92
内衣女,7,14.8
鸿星尔克Air,3,6.14
小米MIX,4,3.0
女款手表,1,0.0
卡地亚手表,1,1.41
阿迪达斯休闲外套,3,7.41
修复精华,3,3.31
游泳裤,3,7.18
电脑连接线,1,3.16
吃,1,0.0
阿迪达斯足球鞋,5,2.18
充电器,4,2.33
面条儿耳机,1,0.0
nike板鞋,20,11.19
LED闹钟,1,0.0
m6s,2,1.0
正装,1,3.74
行李背包,6,7.37
深海泰坦x7,2,0.0
胸包男,6,5.72
NIKE耐克presto Flyknit,2,1.58
喷雾,9,2.91
二手iPhone6,2,1.0
充话费河南联通,1,1.0
麻将,1,2.83
平板 Air2,2,0.0
游戏手柄蓝牙,2,0.91
电脑桌,8,0.35
胸包,6,5.48
L4.774.4.27.6,5,1.61
三星A,5,3.5
华为青春MOTO,1,2.24
索菲娜,1,1.41
t恤男装杰克琼斯,3,3.42
魔镜,2,0.5
k650d,1,1.41
手机充值新疆,1,1.0
女士牛仔半身裙,3,10.5
魅族e2,3,0.0
斜挎包包,2,4.86
人体工程,2,3.87
AHC,12,2.95
灵耀,9,2.11
雅顿沐浴露,1,1.41
NIVEA,1,1.0
iPod,6,3.44
阿玛尼粉底纯净持妆,2,0.0
gucci钱包,1,10.3
拉杆,4,7.19
DW,128,2.28
代步车,3,11.62
bv卡包,1,3.32
tiffany项链,3,1.69
Iphone6plus,2,4.25
阿玛尼机械表,1,2.0
唇膜,8,1.33
索尼头戴式耳,2,3.0
Bose Soundlink II,3,0.82
mini 4,1,0.0
香奈儿可可小姐,2,5.26
涉水鞋,3,3.39
匡威挎包,1,9.06
阿迪达斯NMD,6,6.99
兰芝隔离霜,5,1.8
杜兰特9,4,2.35
耳钉  金,1,2.45
男士护肤,4,31.78
魅蓝5s,14,0.38
白金项链,5,4.83
鼠标键盘套装,2,1.47
华为荣耀magic,3,2.01
匡威三星,1,1.41
华米,5,0.0
森田,1,1.41
Givenchy,3,8.4
Adidas女,13,17.24
花袜子,2,3.96
小米4,7,0.98
男女卫衣,1,0.0
6sp,26,0.39
ck短袖,57,5.01
耐克长袖,8,8.32
马丁吉他,13,2.8
阿迪达斯卫衣,4,6.84
神舟笔记本,4,3.4
泰勒,1,2.24
索尼A9,2,0.0
耐克运动鞋,5,3.53
冬季男鞋,10,9.57
联想小新air,2,1.73
温碧泉,1,1.0
牛仔连衣裙,4,3.59
卡通T血女,1,4.24
耐克白,3,4.27
半自动机械表,3,3.45
彪马背包,5,6.1
吉他背包,4,5.19
优色林,1,3.0
电信话费充值,2,3.4
喷泡,12,5.75
裤子男,2,2.24
新百伦双肩包,1,2.24
7分裤,2,3.13
健身短袖男,1,0.0
卡西欧男运动表,2,1.0
钢笔,9,2.18
欧米茄女表,3,0.0
男裤子水洗,6,4.48
nike跑步,4,19.97
boy london,6,4.77
iMac,2,0.0
香烟,3,1.91
移动电源充电,1,1.0
王者荣耀安卓,5,0.86
华为Nova2,9,0.86
Oneplus5,3,0.0
max2,8,0.0
牛仔裤男,21,9.55
奥林巴斯,8,1.26
盛大,13,0.58
悦木之源乳液,1,0.0
手链女,3,9.52
小米六,17,0.0
佳能 50 1.8,1,0.0
荣耀9,370,1.58
平板电脑4G版,1,0.0
联想p2,1,3.16
三叶草  男 T恤,8,4.3
all star,3,4.89
女上衣夏,1,2.0
金盏花,4,0.71
AJ,14,8.93
耐克阿甘鞋,16,17.78
运动相机,11,2.53
7分裤男,1,3.61
牧马人,10,0.0
ipadAir2,1,3.16
ibanez,3,7.88
iphone 5s,2,4.36
对表,4,66.09
100D,1,3.61
电瓶车,13,3.85
Jbl音响,3,3.96
rmk粉底液,3,1.78
aw3903,1,1.73
lv男手拿,2,4.84
me80,1,0.0
索尼a5100,3,0.41
Vans白色,5,2.8
宁夏联通,1,1.73
拜亚动力,7,0.65
圣罗兰想香水,4,1.58
年费黄钻,2,0.0
经典万斯,1,0.0
Smith,4,0.29
四叶草项链,2,0.0
aj乔1,2,1.41
李宁单肩包,3,2.52
相片打印机,3,6.32
魅蓝note 5,5,0.0
湖北联通,2,4.24
二手iPhone7p,9,2.29
四轮滑板,1,1.0
三星充电宝,4,1.13
阿迪达斯裤,1,2.0
天梭豪致,2,3.54
耐克,260,4.74
iphone 7原装耳机,2,1.0
苹果钢化膜,2,1.41
AJ JORDAN13,1,0.0
男士商务包,1,2.24
全自动滚筒洗衣机,1,0.0
公路自行车,11,2.0
卡通 T血,8,11.51
驾照本,1,1.73
办公笔记本,1,0.0
神舟战神,15,5.89
4A,2,1.0
ow衣服,1,2.0
富士微单,2,2.0
短裤男夏季,4,4.06
德国队,4,1.73
苹果泥5s,2,2.65
苹果七耳机原装,1,1.0
卡姿兰,1,2.83
李维斯短袖女,1,0.0
LG手机,4,3.27
科颜氏面膜,1,3.46
华为10p,2,1.41
电视机,16,2.41
aj12,1,5.39
男士,1,5.2
b,1,3.16
nike欧文,2,0.71
小米无人机,2,0.0
Mini4,2,0.0
匡威1970,4,3.92
蒂芙尼项链,1,4.58
京东,1,5.39
q币,188,5.33
万斯鞋,1,1.73
360N5s,2,0.0
亚瑟士TRI11,1,0.0
华为荣耀x6,2,0.0
华为手机p8,3,0.0
复古运动鞋 nike,1,7.75
携程礼品,8,1.41
冠琴手表,1,3.16
信封,1,1.41
华为荣耀6X,2,1.41
iPhone 7,1144,0.44
眼影 美宝莲,1,2.83
乐视max2,3,1.78
蔻驰男,4,4.55
华为2plus,2,0.0
黄金吊坠鼠,1,0.0
女士连裤袜,1,0.0
make  up forever粉饼,2,0.0
红色衬衫,2,1.41
Lg显示器,45,4.84
坚果手机,6,0.33
艾巴优教育,3,0.0
耐克运动鞋男,6,4.73
ps4,157,1.53
广东佛山联通,2,0.0
按摩椅,22,0.66
紧身裤 男子,1,1.41
小夜灯,1,0.0
阿迪达斯女半袖,1,0.0
索尼小音响,1,4.9
三叶草外套,6,3.21
西铁城,53,11.34
破洞九分牛仔裤  男,1,4.36
iPhone6 plus,13,1.97
蓝牙耳机头戴,1,1.73
索尼e50,1,0.0
手链金,2,6.62
iPhone,285,1.34
惠普暗影精灵2plus,3,0.0
河北移动充值,1,0.0
创维,2,4.86
睫毛,1,0.0
雅诗兰黛粉底,7,0.82
OppoA37,1,0.0
欧莱雅口红,2,10.31
吉林联通,1,2.0
乔7,1,1.0
上海移动话费,1,4.24
短袖,32,20.32
酒,1,0.0
美度,37,11.55
板鞋nike,1,0.0
i7组装机,21,2.81
口红,270,4.05
雷神911,15,2.08
炫龙游戏本,2,2.0
nike鞋,1,4.69
阿玛尼504,1,1.0
华为p9数据线原装,2,0.0
耐克紧身,4,1.86
科比9,4,2.91
美图m8,117,0.66
魅族3s,2,0.0
三星note3,1,0.0
Ck手表女,17,7.29
链手表,6,13.05
ipadmini 4,1,1.73
足球训练服,1,2.45
联想天逸100,2,2.45
办公复印机,1,0.0
天津联通,6,1.34
迪奥999,12,0.35
床上四件套,2,18.07
女士裙子,1,9.11
山西流量,2,1.63
fancl,1,0.0
联想小新潮500,3,1.73
安踏10246121800,5,2.6
骷髅手表,5,5.09
索尼d100,2,0.0
圣罗兰遮瑕,1,0.0
iphone se,22,0.43
nb女鞋,4,4.69
苹果原装,1,1.73
铝框拉杆箱,2,0.82
游戏显示器,4,0.58
rival,7,0.77
雅马哈钢琴,1,2.24
资生堂遮瑕,2,9.92
漫步者蓝牙,1,1.41
小米4a,11,1.45
24寸显示器,6,3.26
华为no,6,2.38
芬达,4,2.07
boy上衣,2,4.9
男士紧身衣,6,3.44
惠普Envy,3,10.23
手机华为青春,3,1.41
套装女,1,3.16
Wacom,4,5.61
only,10,4.48
耐克KD9,1,1.0
iPhone6sp,5,0.0
无袖,5,28.96
网纱衣,7,2.8
小米蓝牙音箱,2,3.73
雅诗兰黛红石榴,7,9.08
手表 施华洛世奇,4,2.63
Ck手表,1,3.32
丹尼尔,20,1.4
1more,1,0.0
魅兰note 5,8,1.41
Coach 手表,4,6.41
美的空调,32,4.59
奶喷泡,12,3.76
乔11,2,7.8
休闲鞋板鞋,6,4.32
耐克健身,1,3.74
1匹空调,1,0.0
杰克琼斯短袖,1,4.58
750na,3,1.0
四川联通,1,2.65
金立M2017,2,0.0
荣耀V9,188,1.31
喜德盛自行车,1,2.0
qq币,15,8.18
Canmake,2,2.24
Ps4,6,1.23
吉他盒,2,4.0
联通,3,0.67
打火机,79,9.15
特步男鞋网面,6,13.42
变频,2,1.93
zuzu素颜霜,5,2.82
手表 简约男,6,11.27
Sk,16,5.52
80d,15,0.0
石英,1,5.1
浪琴男士手表,8,7.28
一体电脑,2,1.41
遮阳伞,10,5.4
华为麦芒,13,0.6
重庆移动话费,1,0.0
小脚牛仔裤,6,1.78
CK表,1,5.83
外星人电脑,2,1.0
华硕fx53,2,1.0
猪肉蒲,1,0.0
雷蛇机械键盘,4,3.76
风衣长款女,5,4.37
aj6960,1,0.0
跑步机,34,1.34
茵芙莎,8,12.21
性感泳装,2,5.83
s8+,3,0.0
乔丹AJ短袖,2,1.41
摩托车跑车,1,1.41
男士中山立领,4,4.73
魅族pro,5,4.58
ysl46,2,1.0
NIKE拖鞋,12,3.46
牛仔裤哈伦,1,3.74
电视,65,3.56
cool water男士,1,1.41
微星,75,3.6
苹果红色7,4,1.73
apple ipad pro,2,1.73
苹果连接线,2,2.24
男士金戒指,1,0.0
电吉他音响,1,3.74
美图v4,2,0.0
发胶,1,2.0
华为m3,9,1.15
fitbit,2,1.41
jeep,1,2.0
投影机,2,3.02
mp3,15,3.89
复古运动鞋,1,3.0
战网,8,1.08
氪金趴,2,0.0
adidas贝壳头,10,1.94
日本美白,2,1.73
悦木之源,23,3.77
新人,9,2.37
棉花糖粉饼,3,1.29
七分裤男,2,6.73
华为平板,23,1.92
aj6,31,2.53
OPPOR7,1,0.0
雷蛇包,1,2.24
儿童手表,4,2.0
rado手表,2,7.65
gh4,2,0.0
oppo R9,13,1.39
iPhone 6s plus,16,0.0
s7edge,3,0.0
录音之王吉他,1,0.0
耐克裤子,6,1.71
KD9,2,3.04
小米4x,2,2.0
大卫,3,0.82
拯救者r720,2,0.0
泰勒614,1,0.0
台灯风扇,1,1.73
macbookair,3,4.93
机械键盘樱桃轴,3,1.72
半袖,3,25.2
斗战胜佛,1,1.0
身体美白,2,2.85
华为电宝,1,0.0
工装裤子,1,2.0
发蜡,4,5.27
蕾哈娜,28,4.86
rx100m3,1,0.0
电脑绘板,9,4.19
驾校,1,0.0
薄笔记本,4,6.67
麦克风套装,2,1.41
匡威帆布鞋,3,7.61
彪马板鞋,24,6.02
华为荣耀青春版,3,1.73
1070,2,9.92
CC,2,2.24
手镯男,2,0.0
鞋女夏季,1,4.12
腮红,16,3.3
容声冰箱,1,2.0
去死皮,1,1.73
Nike jordan,1,7.14
only包,4,3.39
男士手包,3,6.07
mini,1,1.0
充电线,8,7.13
情侣装,10,9.37
JBL,4,4.74
苹果6sP,1,4.12
宝格丽,7,23.1
vivo,365,1.88
定型喷剂,4,0.66
黄金项链男,2,2.65
ahc,5,1.84
HTC,22,1.74
小蚁微单,3,0.0
亚麻短袖,2,5.66
太阳镜GM,10,8.36
湖南联通话费,6,1.0
河北电信,2,5.0
情侣鞋子,1,1.0
三星C9,2,1.41
水乳,13,31.3
铁三角挂耳耳机,1,3.32
机械革命,73,1.1
夏季内衣女,1,2.24
金立s9,2,0.0
自由侠,2,2.24
男士手表机械表,3,15.31
p10plus,3,1.73
情侣机械表,4,4.96
阿玛尼香水,3,1.51
note5,12,1.05
iphone二手,4,1.82
耐克 horizon,3,0.91
炫龙 炎魔T1 Ti,2,2.92
双卡双待,2,2.45
itouch,6,0.0
单反镜头,1,4.9
话费 联通  黑龙江,1,1.41
跑步鞋男鞋,1,3.0
华为运动耳机,1,4.8
摩洛哥,1,3.74
范思哲,19,3.96
补水喷雾,1,3.16
刮毛器,2,1.3
丹尼尔惠灵顿,55,2.73
小米电动滑板,2,0.0
canon5ds,2,0.0
嘻哈裤,3,2.68
一加五,379,0.0
苹果U盘,2,2.74
耳机运动,4,1.85
红米手机,4,1.0
make up forever,7,6.08
锤子坚果pro,2,0.0
pola,8,0.71
联通充值,4,3.32
格兰仕变频空调,1,2.45
雅诗兰黛精油唇膏,1,1.0
vivo x7 plus,14,2.02
手表机械,8,7.42
OPPO r11,11,1.0
Zippo,47,7.28
兰蔻气垫,3,4.78
春夏男鞋,2,29.0
第五大道,7,0.87
万斯vans,2,0.0
湖北电信充值,2,3.32
高夫,3,0.0
耐克经典阿甘鞋,1,0.0
小米note2,34,0.0
女鞋夏季,4,10.82
金首饰,3,5.8
纪梵希 315,1,2.24
360,108,1.67
a37,1,0.0
墨镜男,3,6.02
菩提,8,1.32
漱口水,3,2.45
越野鞋,2,6.72
骑行雨衣,1,3.74
话费重庆联通,1,1.0
腾讯视频会员,19,0.79
充值北京,1,1.0
苹果5S,2,4.15
皮带,49,11.78
丝塔芙,3,1.76
三叶草鞋,1,1.41
zippo169,1,0.0
逆龄粉底液,1,1.0
防水手表女,6,9.18
福建电信手机充值,1,1.73
腾讯会员,2,2.24
Sensei,1,2.24
D750,3,1.05
飞亚达女表,1,1.41
puma 鞋,5,15.36
波司登,1,0.0
健身短裤,1,1.0
固态硬盘,81,0.94
未来人类T5,1,2.24
荣耀畅想6,2,1.73
MK斜挎女包,3,22.33
迪奥香水,11,17.21
阿迪达斯清风,3,1.84
佰草集,10,3.43
地平线,1,1.0
乔丹百尚,1,0.0
喷雾定妆,1,1.0
啊迪达斯AW4231,3,3.7
施华,2,1.0
去黑头粉刺,1,2.0
阿迪达斯板鞋,52,9.67
遮瑕得鲜,3,0.41
tcl空调1.5,1,4.58
无印良品水乳,1,1.0
乔丹男鞋,1,3.16
Z17,3,0.0
耐克852423,1,0.0
吉林移动充流量,1,1.73
男飞行员外套,3,0.41
夏普电视,2,1.73
黑钻,3,0.0
床垫,4,0.0
牛仔9分,5,4.67
耐克run,5,4.81
三星s6,59,3.69
雅诗兰黛,31,8.54
亦博,1,0.0
小米MAX,2,0.0
手机游戏手柄,7,0.46
万,2,2.01
流金水,6,0.0
平果平板电脑,1,2.24
兰蔻小黑瓶,1,0.0
背心,1,2.83
魔声蓝牙耳机,1,3.87
Mac book Air,1,0.0
尤克里里电箱,3,1.83
阿迪达斯金标,1,3.61
悦木之源泥娃娃,2,0.0
拯救者,22,0.83
兰蔻粉水,2,1.0
山东联通,7,0.0
宝格丽钱包,1,0.0
apple watch2,8,4.36
sk2护肤品,4,0.71
nike sock dart,7,5.39
耐克运动长裤,1,2.65
小米平板,67,3.05
迪奥真我香水,2,9.43
樱花粉阿迪达斯,2,0.0
耐克拖鞋,141,3.25
puma蝴蝶结,5,2.15
红米note,7,1.0
144hz显示器,5,0.0
铁三角im03,2,0.0
苹果手表表芯,7,5.33
李宁,72,7.84
阿迪达斯篮球背心,2,3.35
三星S7,29,5.11
苹果6spuls,5,1.0
兰蔻彩妆,2,2.12
尼康d750,7,0.27
女式钱包,2,3.2
惠林顿,1,0.0
450j,1,0.0
情侣运动鞋,19,24.06
surface book,3,0.0
大灌篮,2,0.0
铂金包,6,2.68
美白丸,1,4.69
充值卡,36,9.9
gd同款vans,4,0.0
R11,61,0.16
单反闪光灯,5,1.43
华为p8,5,1.0
kd7,2,2.42
热水壶,37,2.93
小米4A,4,0.0
耐克印花,2,1.0
头盔,2,3.51
足球鞋Nike,4,7.62
木吉他,3,1.46
Superme,1,0.0
戴尔笔记本电脑,6,1.74
七分袖男,3,7.03
耐克气垫,2,1.06
体脂称,1,1.0
苹果6plus,43,1.64
gtx1070,7,1.46
小米5C,3,0.0
ysl粉底,3,3.13
hp,4,1.63
扫描,2,3.32
阿玛尼手表男,7,0.58
360n5,29,0.0
华硕fh5900,4,1.0
fill,1,1.41
Ipsa,1,3.16
iPhone 6splus,3,1.0
迷情,1,2.0
QQ静号,2,0.0
chanel,1,8.43
博柏利男士香水London of man,1,0.0
九分裤男,7,7.71
森,3,3.84
周大福黄金,4,54.87
ck女包,1,3.74
棉裤,6,8.88
鼓,1,1.73
vivoXplay5,1,5.83
帝克工装裤,2,0.0
美的豆浆机,2,1.0
内存,12,4.62
ipad平板电脑,1,3.87
紧身裤男,2,6.41
平衡车V8,1,0.0
电脑音响,4,2.35
男士半袖衬衫,1,3.0
神仙水,19,5.38
面膜春雨,1,1.0
袋鼠精,1,0.0
6,23,0.93
iPhone 6s二手,4,2.32
MacBook air,2,0.0
面膜收缩毛孔,9,10.33
雅诗兰黛口红,3,1.73
苹果手环,4,0.87
神舟k660  g4d3,2,0.0
7plus,7,0.0
荣耀V8,3,0.0
话费充值湖南移动,1,1.41
7P,3,1.0
富士x100f,4,0.0
HUAWEI,4,2.6
神舟i5,2,4.24
OPPO R11,6,0.0
ps4pro,5,0.0
男士香水,23,4.43
836278,2,2.92
耐克T,8,47.13
华为p10,241,0.6
话费充值湖南,3,1.6
魔法世家,3,2.45
挂机空调最大,2,0.0
运动皮鞋,1,2.45
男背包,7,4.3
飞利浦 剃须刀,7,2.71
银戒指,6,6.7
魔声isport,2,1.0
v7,1,1.0
杜兰特8代,10,4.51
ipad air,22,1.0
立领外套蓝,6,13.47
Apple笔记本,1,0.0
电饼档,1,1.0
匡威书包,1,2.24
电动滑板车,11,3.78
750d,2,0.0
电动车迷你,1,0.0
35 1.4,1,0.0
M8,6,1.0
音箱jbl,2,4.19
九分裤,48,5.44
oppoa59s,4,0.0
闪光灯,2,3.32
qc35,7,0.27
rmk卸妆膏,1,0.0
卡西欧ga110 1b,2,1.27
魔音耳机,14,1.36
oppo r11,32,0.0
V领,3,2.97
春雨,3,1.51
漫步者耳机,5,6.35
iPhone 7 plus,17,2.34
一加5手机壳,2,0.0
爱马仕香水,5,2.84
OPPOR9s,2,0.0
纪梵希小羊皮,17,1.77
贝玲妃,3,2.41
索尼6000,2,1.0
双眼皮,1,0.0
裤子牛仔夏天男,1,5.0
漫步者,36,5.35
男胸包,10,3.07
叶黄素,3,1.0
男士双肩包,7,11.9
Macbook,1,0.0
匡威外套,2,8.55
韦德战靴,3,0.82
亚瑟士鬼,6,3.5
健身短裤男,2,9.92
施华洛世奇U型马蹄,1,0.0
air max 95,2,19.8
cpb妆前乳,1,0.0
游泳手机袋,1,0.0
铁三角im02,2,0.0
sony 6300,4,1.73
健身服,8,14.26
TF口红,4,2.12
iphone 6电信,3,0.0
huarache,3,2.24
金立flool,2,3.0
苹果笔记本intel,3,3.77
Thinkpad t,1,4.24
单反佳能,9,0.93
Mac 口红,5,5.63
nike男,1,3.0
江西话费,1,0.0
AMD主机,3,1.63
aj13,5,2.65
传奇500,2,2.09
lamer,6,1.84
骑车靠垫,2,3.05
短袖迪克丝,1,1.0
定位,1,2.24
powerbeats2,4,1.02
卡西欧电子手表,13,4.89
佳能M3,2,0.0
足金六字真言,3,3.76
拖鞋女,11,4.97
whoo,1,3.16
VR眼镜,2,2.24
zukedge,3,1.0
芦荟套装,2,1.41
瘦脸面膜,2,1.41
激光脱毛器,1,0.0
努比亚z11max,2,0.71
香水祖马龙香水,1,3.16
电钢,1,0.0
男手包,8,3.21
阿迪达斯运动裤男,31,5.13
爱丽小屋口红,6,3.35
内存卡,4,0.0
男士皮带,12,11.17
话费新疆,1,1.41
puma丝带,2,1.41
护脚裸,2,3.3
裤子,22,2.14
登山鞋 高帮 女,1,0.0
运动外套阿迪达斯,3,7.41
话费充值卡,44,1.81
腾讯,2,3.61
雷蛇笔记本,2,0.0
大疆3SE,1,0.0
科比战靴,1,3.87
猴子,1,0.0
运动手环,35,3.45
圣罗兰口红,40,19.92
360N5,5,0.0
奥运喷,1,0.0
古驰香水男士,2,2.47
内增高男,7,8.28
话费充值联通,1,0.0
联想yoga,3,1.64
苹果5,33,2.44
OPPOr9,24,2.11
ipad10.5,10,0.52
6s,138,0.32
液晶电视,5,2.24
男双肩包,7,6.48
nb鞋,9,11.52
仰卧起坐,3,2.16
乐视3,5,2.76
眼霜,28,10.57
特步2016新品男鞋休闲鞋,1,0.0
阿迪小椰子,1,2.83
皮带手表,1,3.46
电子阅读器,3,0.41
ROSHE  ONE,7,4.81
耐克男鞋空军一号,9,12.4
战网点,2,2.24
纯银项链,1,2.0
投影,8,13.1
三星S6美版,1,2.45
牛仔裤男高腰,5,3.77
canon 5d3,1,1.41
尼康D5600,3,0.0
女鞋,121,67.06
蓝牙音响,10,11.94
3ce口红,2,5.52
女鞋阿迪,7,13.75
Apple ipad,2,1.41
数码相册,1,0.0
青年皮鞋,2,7.78
惠灵顿手环,1,1.73
耐克鞋夏女,3,2.0
冰垫,1,0.0
伞,11,5.73
雷蛇耳机,15,3.45
街头范儿T恤,2,2.11
Apple id,3,1.0
荣耀手环3,3,4.46
隔离霜,4,2.6
Nike vapor,3,1.73
卡西欧tr600,9,1.88
手机壳魅族,1,1.0
电子书,10,1.27
内增高,1,5.0
华为G9,7,1.15
情侣,18,6.71
男士皮包,1,11.09
ipadmini4,13,0.48
青春8,4,1.0
二手手机,51,4.15
男女情侣套装,10,3.04
西安联通充值,1,3.46
卡地亚戒指,1,2.0
ysl52,2,0.0
阿迪短袖男,8,13.49
索尼头戴1adc,1,0.0
阿玛尼寄情水,1,0.0
nb凉鞋,11,3.21
鬼虎冢经典,3,2.56
魅蓝x,9,5.63
vivox9,48,0.43
暗影精灵2plus,4,0.0
安耐晒,9,2.55
罗技502,3,0.0
安热沙,4,3.01
三星c9,2,1.0
华为手机,51,1.97
尤尼克斯,5,5.1
iPhone7 plus,3,0.0
华硕上手机,2,0.5
男表,40,14.78
亚瑟士板鞋,3,2.85
gtx960m,1,1.0
lee,1,3.87
日系,1,2.83
机械革命x6sk1,1,3.32
耐克双肩包,3,3.33
紧身七分裤,2,2.55
一体机,9,16.9
Tiffany,6,6.32
减肥,4,3.18
药,1,3.16
笔记本内存条,11,5.0
iPhone6plus,39,3.19
安踏男鞋,5,75.75
菌菇水,3,0.41
天梭T52.1.121.12,2,0.0
小黄瓜,1,2.24
悦木之源面霜,2,1.0
伊蒂之屋眼唇卸妆,2,1.58
鸿星,2,1.0
黑头,5,5.87
尼康D610,2,0.0
Ipad,49,2.47
话费充值新疆联通,1,5.57
574cnc,1,0.0
小米蓝牙音响,1,3.0
祛痘膏,2,2.45
欧米茄 男,1,1.41
彪马凉鞋,10,0.48
索尼微单5100,14,2.33
三叶草 zyfux,4,0.5
阿迪 拖鞋,2,7.55
精英袜,3,1.35
资生堂六角眉笔,2,0.0
休闲背包男,9,11.44
手膜,2,1.0
阿玛尼唇釉504小胖丁,1,1.0
ricoh gr,1,0.0
圈铁耳机,2,4.02
MP3,4,3.39
阿迪鞋,4,12.27
苹果表,11,1.15
凉鞋男耐克,1,2.0
阿迪达斯板鞋男鞋,7,33.66
红轴,1,1.0
dunk sb,2,0.5
apple watch1,3,1.73
KD,3,11.42
二手7,3,7.49
安德玛 篮球鞋,2,3.18
卡西欧9w金表,5,1.43
乐福鞋女,1,2.0
游戏键盘雷蛇,1,1.0
Versace,4,10.66
女鞋板鞋,1,6.86
男手拿包,13,8.86
aj31,1,0.0
玉兰油套装,1,0.0
NB530,6,10.98
茵芙莎3,2,4.24
VANS,1,6.56
gshock,6,3.58
内蒙古联通30,1,1.0
耐克小椰子,15,0.48
VR,9,1.6
偏光镜,3,2.16
香水小样,1,2.45
瑞士包,2,1.58
魅蓝e2,28,0.0
男小脚裤,6,8.09
圣罗兰黑丝缎妆前乳,2,1.0
侠客700,1,2.45
ZPPO火机火石,1,2.24
卫衣女,4,11.95
话费四川,1,2.0
山地自行车4.0,2,0.0
镂空系列全自动机械表,3,5.5
防晒,51,4.23
oppo a59,3,0.0
华为Mate8,2,0.0
外星人主机,7,2.22
空调格力美的,9,3.22
华硕F556UQ7200A556七代i有,2,1.0
小米电视,4,3.81
天鹅项链,4,2.08
bb8346,3,2.16
椰子350v2,7,0.74
小白鞋女,4,11.81
台电x3plus,1,0.0
王者荣耀,216,1.3
笔记本游戏本,6,1.0
范,2,0.0
勇克士,7,4.57
拍立得相机,4,0.77
组装电脑,23,4.27
哑铃,25,1.38
贝壳鞋,5,4.4
luna mini2,4,0.0
iPhone 6sp,6,0.0
小米手环2,7,0.0
欧文2,2,1.6
妆前乳爱丽小屋,1,0.0
阿迪达斯NMD R2,1,0.0
纪梵希 散粉,3,0.75
鬼虎,9,10.13
运动紧身衣,1,0.0
Mcm,1,2.65
撕拉面膜,1,2.0
gg1000卡西欧,2,0.0
耳环铂金,2,9.85
书包,53,4.61
前男友发膜,1,1.73
轮滑鞋,1,3.46
手拿包,1,2.83
电容笔,4,0.0
麦克风,6,2.0
V领T恤,1,2.83
喜德盛公路车,2,0.71
兰芝隔离,1,0.0
斜挎单肩男包彪马,2,1.0
彼得罗夫 Peter Thomas Roth,7,4.65
华为荣耀v9,31,0.36
阿迪达斯女鞋,45,21.14
护发素,4,2.52
supreme包,3,3.12
Sony fe,1,2.45
吾尊,8,1.62
ipsa,14,31.03
良子店铺,3,2.24
神舟z8,2,0.0
迪奥超模唇膏,3,3.07
AKG,2,0.71
aj5,14,8.83
adidas拖鞋,2,1.06
移动话费,1,0.0
佳能7d,4,2.29
kaishi,5,5.67
权志龙,6,4.14
江西联通话费充值,1,1.41
山地自行车,74,3.2
魔音,9,6.48
三星s7,91,1.25
范斯男鞋,3,1.51
潜水机械表,40,5.43
运动蓝牙耳机,3,11.16
iPadmini4,2,0.0
民谣吉他,5,3.33
视频播放器,1,6.93
三星s7e,1,0.0
五分裤,1,3.32
MIX,3,0.0
丝袜,4,2.96
古奇钱包男,1,0.0
尼康d5300,4,0.0
施,6,6.43
富士 mini 90,4,1.52
hx90,1,0.0
开口笑,7,9.81
nike短裤,5,4.17
安卓手表,1,4.24
电冰箱,4,8.5
iPad,477,2.47
耐克运动裤男,4,4.44
小风扇,1,0.0
麦迪,9,4.19
体恤,2,2.22
罗斯,2,1.58
足球,8,15.88
照片打印,3,0.97
特步运动鞋夏季透气男,1,0.0
露华浓口红,4,5.77
moto手表,3,1.0
ysl黑管唇釉412,1,0.0
华硕游戏本,16,2.57
小米note,14,4.35
阿玛尼红管,2,0.71
iPhone 6,137,0.56
华硕Fx60,8,1.32
阿迪达斯女鞋夏,5,29.76
情侣短袖,8,3.45
akg y20,1,1.0
U盘,31,2.03
情侣戒指9999,2,3.32
天梭力洛克女表,1,3.32
李宁羽毛球拍,1,0.0
炉石传说,5,0.63
Aj9,3,1.73
榨汁机,8,2.43
詹姆斯战士,1,3.0
科比毒液5黑金,3,1.04
ysl彩妆,3,3.15
阿迪达斯拖鞋女,3,0.58
防水运动手环,7,3.0
电动单车,2,5.7
手机投影接口,1,0.0
以纯裤子,2,1.58
逆战点,1,0.0
威克多羽毛球拍,1,1.0
新疆,1,1.73
foreo,1,0.0
vivo x7,8,2.32
男士水杯,1,4.0
剃腋毛,2,1.58
钻石戒指男士,1,2.0
阿玛尼手表女士,25,3.08
京迪广,1,0.0
迪奥536,20,2.15
thinkpad x1,2,1.0
M4,2,0.0
赫柏林,2,5.76
训练,1,3.0
阿迪达斯篮球球鞋,2,3.27
蒂芙尼手链,1,0.0
烟油,1,0.0
ipad,1013,2.81
nova 2,2,0.0
手机数据线苹果,1,1.41
华为P10P,3,2.0
三叶草绿尾,4,0.61
18k金吊坠,1,4.8
canon5d3,2,1.41
阴阳师,2,1.58
气垫BB,3,3.11
bliss,1,1.41
加油,3,0.0
净水机,1,1.41
青轴机械键盘,1,0.0
沙滩裤,6,1.5
海鸥,16,11.6
路由器魅族,1,1.0
nike zoom kd 10 ep,3,0.58
运动套装女,4,3.2
耐克短袖,63,9.75
男机械表,1,0.0
耐克短裤,20,3.62
阿迪达斯男九分裤,2,0.0
努比亚z17 mini,6,1.73
1060主机,3,1.91
耐克女鞋阿甘鞋,2,2.45
话费充值江苏联通,1,2.0
Nike拖鞋,20,9.62
华硕飞行堡垒,4,3.04
全自动洗衣机,3,0.67
苹果6splus,40,1.1
行里箱,9,12.17
手机充值卡,12,3.08
圣罗兰圆管,4,6.02
ThinkPad new s2,2,1.0
健身鞋,15,3.16
智能手环,23,12.2
努比亚minis,6,4.29
休闲短裤,27,33.38
ckp手表女,1,2.45
oppo r7,3,0.0
花花公子,12,8.66
男士丹尼尔惠灵顿,3,1.35
zukz2,4,0.0
荣耀h,2,2.0
面膜,117,5.31
热水器,43,2.46
新百伦247,8,0.71
华硕fx53vd,2,1.41
纪梵希口红204,4,3.54
s7,46,2.37
aero15,2,0.0
香奈儿唇膏笔206,1,1.41
香奈儿757,1,3.46
华为9,3,1.0
空军一号小麦色,3,0.0
英雄联盟点券,2,1.0
iphone4,1,7.07
蓝牙音箱,33,2.82
6d,3,0.0
宝宝手镯,1,1.41
雷神911m6b,2,0.0
卡西欧G,5,1.39
App,6,1.18
哈伦裤,11,6.22
m1l,2,0.0
阿迪达斯 刀锋战士,2,17.69
登机箱,5,5.1
lv包,1,4.69
大魔王,1,1.41
羽毛球,5,6.01
YY,1,0.0
匡威男女卫衣,5,3.67
万宝龙,6,8.17
祛痘洗面奶套装,2,2.85
貔貅玉,1,1.0
oppo r9s plus,2,0.0
MacBook Pro2017,4,1.41
Apple Watch2,2,0.0
水晶,5,11.12
彪马T恤女,9,7.5
vans,190,2.8
组装,3,0.67
梦幻西游,14,0.0
kindle,123,0.52
dw手环,1,1.0
天津,1,1.0
赛睿,32,13.92
随身,1,4.58
适马,13,2.6
卸妆油,3,2.85
vivi  x6,1,2.83
圣罗兰唇釉5,3,1.63
大版型七分裤男,2,1.41
尼康24-120,1,0.0
数位板,6,12.62
NIKE,8,2.63
mate7,1,0.0
鞋子男,1,5.74
鞋子,18,2.33
呼啦圈,1,0.0
华为平板电脑,7,2.22
话费联通辽宁,1,1.0
魅族魅蓝note5,2,0.0
话费重庆,1,1.73
爱华仕,2,3.33
aj7,6,3.17
欧碧泉,1,1.0
打火机骷髅头,3,1.0
套头卫衣,1,1.41
IPHONE7PLUS,2,0.0
阿迪达斯女鞋高帮,1,1.0
阿迪达斯三叶草T恤,4,13.28
科比11全明星,4,2.24
话费充值500,1,2.65
力洛克天梭,1,0.0
nubia,3,0.0
iPhone7,84,0.45
运动紧身裤,6,2.35
阿迪达斯篮球鞋,41,42.98
MAC粉底液,2,3.33
吉列剃须刀,2,0.71
太阳能充电宝,5,0.37
三叶草贝壳头,5,23.69
k660d,1,2.0
z7,8,0.0
爱奇艺,147,0.07
oppoa59,3,0.0
男生短袖,12,12.59
浪琴嘉岚石英男,4,10.04
小米6 全网通4G手机 双卡双待手机,14,0.0
vivo xplay6,6,1.0
宾得k50,3,0.58
雪花秀套盒,1,2.24
玉吊坠,1,4.69
液态银,2,1.0
联想鼠标,2,0.71
女士凉鞋,6,22.41
苹果6s的背夹充电宝,7,1.0
pill,3,5.07
苏菲娜隔离,5,1.55
iphone5,4,3.18
男士裤子,1,4.36
三叶草官网,1,1.41
天梭PR100NBA,1,0.0
nb 拖鞋,2,1.0
马克华菲短袖,16,8.03
相机云台,3,3.46
阿迪小白鞋,1,1.73
朵唯,3,2.97
三叶草 短裤,5,4.32
诺基亚手机,4,2.9
华硕笔记本电脑i7,2,2.45
澳尔滨,2,1.58
话费内蒙古,1,0.0
耐克844931,2,1.12
三星note5,12,1.04
阿玛尼手表,86,2.94
键盘,126,5.56
阿迪达斯x,5,2.97
ipadpro 10.5,1,2.65
vivo手机,16,3.03
Hyperdunk 2016 flyknit,1,0.0
佳能24-70,7,0.0
琼斯维格短裙,5,8.07
袋鼠,4,0.0
iPhone6s plus,8,1.5
健身裤子男,4,1.04
苹果4s,1,4.8
吊带背心,3,5.35
情趣内衣,6,1.02
牙贴,1,0.0
ilce,1,0.0
爱马仕小样香水套装,1,0.0
大码裤子,5,4.67
纯色T恤,10,25.35
古驰T恤,1,0.0
DW手表,11,1.56
vivox7,10,2.56
高端手表,4,5.66
600p,5,0.45
网球鞋,13,15.2
佳能打印机,3,1.67
英雄联盟,10,1.41
胸罩,8,9.53
倍轻松,1,0.0
男士皮鞋,9,14.73
Gentle,5,3.49
森海塞尔cx2.0,1,2.0
华为6,2,1.73
乐彼,2,1.0
帐篷气垫,1,2.24
7,30,0.39
美图T8,50,0.42
戒指金,2,6.8
嘉兴学车,1,0.0
ipad Pro,4,3.18
雷朋41,1,2.45
马丁D35,1,0.0
女凉鞋,7,7.78
单肩斜包电脑男,8,12.64
水晶项链,8,5.07
耐克低帮休闲板鞋,2,4.58
斯帕丁篮球,2,0.0
匹克跑步鞋男鞋2017,1,0.0
Kenzo,4,1.94
范斯,33,7.51
天梭手表女,3,5.72
索尼z5p,2,1.0
U,1,1.73
圣罗兰粉底液,2,2.28
苹果7  128,2,2.65
乔丹12,10,4.49
男士腰带,6,4.29
aj11low,4,3.72
浪琴岚,1,4.12
二手iPhone6splus,2,0.0
海尔洗衣机8公斤,3,5.21
韩束,7,0.9
权志龙同款,2,4.53
尼康D5300,2,0.0
斜挎小包,1,3.32
伸缩棍,2,2.47
黑色 跑步鞋 男,1,2.83
炖锅,2,1.41
惠普pavilion15,2,0.0
卡西欧女表,19,5.14
苹果7Plus 64G,2,0.0
香奈儿五号香水,1,0.0
派克 威雅笔芯,1,0.0
科比8代,4,5.72
耐克kd,1,7.21
ysl超模,5,5.04
oppor11,186,0.26
菲拉格慕,1,6.71
ps4游戏,3,3.07
纪梵希彩妆,2,1.0
adidas运动鞋,1,7.81
宾格手表,20,8.0
兰瑟,4,5.06
红米4x,17,0.58
施华洛世奇项链,10,15.89
辽宁移动话费,1,1.41
q,5,0.0
圣罗兰气垫,5,3.95
aj巴特勒,1,1.73
华为watch,4,2.65
索尼ax100m5,1,0.0
蔻驰钱包,4,8.26
腾龙70-300,1,0.0
美图v4s,3,0.0
施华洛世奇 项链,2,2.27
DW表带,3,3.44
罗技g502,8,0.25
ikbc,4,1.58
口红 香奈儿,1,1.41
遮瑕膏,4,2.56
单反,79,1.21
笔记本 苹果,1,0.0
Dhc,1,1.41
运动裤白色,3,4.5
珠,6,6.39
男士运动鞋,10,3.75
万斯女鞋,1,0.0
天梭天意,7,4.28
七分袖,1,3.16
男士防晒霜,3,4.68
pro6plus,20,1.8
惠普暗影精灵,2,0.0
随身Wifi,1,0.0
vivo y67,4,0.0
电视盒子,1,1.73
adidas Zx flux,6,4.98
rival300,4,0.35
iphone 6s plus全网通,4,1.26
短袖假两件,1,1.41
阿玛尼 506,1,1.0
Ahc水乳,2,0.5
midi,1,1.0
lv包包,3,3.73
佳能50mm,1,0.0
无印良品,1,1.0
zuk z2 pro,2,0.0
casio,17,51.07
毛孔清洁仪,2,4.03
耐克北卡,1,2.45
Dw手镯,1,1.0
iwatch2,2,1.73
公文包,1,4.69
篮球鞋阿迪达斯,1,3.0
平板mini,1,1.41
花花公子拖鞋,1,5.66
qq,2,1.41
新秀丽,4,0.0
电动自行车,6,1.87
睫毛夹,1,1.0
卡西欧自拍,6,5.34
Adidas涉水鞋,5,1.21
华为畅享5s,1,1.41
MK斜挎包,7,9.26
ipod touch,2,2.92
女士墨镜,1,4.8
娇兰,4,5.22
华为荣耀6,4,0.0
男士手链,8,2.82
2017耐克跑鞋慢跑鞋,6,0.0
豆沙口红,4,8.67
手链铂金,1,0.0
酷狗耳机,1,3.61
冲锋衣,1,3.46
耐克背包,31,10.82
ipad保护套,1,0.0
kate粉底,5,9.9
空调 二级,7,6.41
FOREO,1,0.0
牛仔,3,2.05
双肩背包男,2,0.82
冲电宝,3,0.0
无人机,30,1.84
手鼓,3,3.32
zuk2,1,1.0
香奈儿152,1,1.73
樱桃,10,1.62
耐克878628,5,3.9
曼巴眼镜蛇,5,0.71
湖北移动,2,0.0
联想平板,2,1.26
iPadAir,2,1.47
耐克欧文2,1,2.65
音箱,12,9.58
打印照片,2,0.5
牛仔裤修身,3,1.08
BB3160,6,1.34
OPPOA59,2,0.0
coach马鞍,1,0.0
南极人,1,6.63
空气净化器,1,0.0
炉石,2,2.45
富士,2,5.37
人鱼姬,1,0.0
2手苹果,2,3.02
卡西欧男表,16,5.13
机械女表,7,2.97
棒球服男,2,3.21
tiger,3,2.68
Kd10,1,1.41
Aoc显示器,9,0.9
i3笔记本,2,3.16
炫龙炎魔,2,1.0
苹果SE,7,0.44
Nars,1,2.65
surface,122,1.93
琼斯维格,1,0.0
娇兰粉饼,1,4.69
耐克男鞋,97,9.69
a充值,1,3.46
话费联通湖南,2,2.2
魅族pro6,11,1.31
ipad保护壳,1,0.0
yoga,4,4.21
提现,2,0.0
魅蓝note,4,0.0
黄金手链,4,3.11
T8美图手机,3,1.0
aj low,3,27.72
男装,19,14.97
饮料,3,4.02
休闲鞋女,9,6.63
冰箱迷你,4,2.25
雪地靴长筒,1,5.74
闪迪,2,14.16
电烤箱,2,1.15
适马镜头,1,1.73
耐克板鞋 小白鞋,1,1.41
欧莱雅化妆品,1,0.0
手表苹果,3,2.0
耐克一脚蹬,2,4.64
七匹狼,1,2.0
iphone,117,1.12
休闲裤,25,3.29
小新,13,0.95
箱子,7,2.87
三星S7 EDGE,1,1.0
浪琴嘉岚机械手表,3,2.52
斯凯奇,20,10.64
OPPO9,1,2.45
Air Jordan 拖鞋,1,1.0
华为荣耀8青春版,20,0.45
oppo  r11,8,0.0
脱毛喷雾,3,0.82
电热水壶,9,0.47
唯路时女款机械,1,2.24
补水器,3,0.0
Sony7rm2,1,1.41
卡西欧手机,1,3.74
黑色裤子,2,6.4
电子琴,13,3.7
i7 1060,4,8.8
手表ck,19,7.01
明基,9,6.69
夏季男版百搭鞋,3,2.89
金立S10,5,0.0
芒果tv,3,1.0
苹果6s plus,11,0.74
护腰带,3,7.83
魅蓝Note5,4,0.0
skii,2,1.0
三叶草stan smith,1,5.83
女士手表,42,62.05
魅蓝u20,2,0.0
乔丹1,2,7.07
阿迪达斯运动鞋,39,83.41
运动裙,10,6.68
电鱼逆变器,1,0.0
牧马人鼠标,2,0.71
qb,156,1.22
mac唇釉,3,1.73
机械键盘rgb,3,20.2
Aj扣碎篮板,1,1.41
眼影盘,7,8.22
阿甘左,8,17.56
科比10,2,2.06
男士小白鞋,2,4.64
民族裤,1,0.0
三叶草,248,18.31
冰箱对开,1,1.0
阅读器,5,3.61
三生花,1,0.0
蛙人,1,1.0
三叶草 男鞋,4,3.36
u20,4,0.58
台式电脑苹果,1,9.27
河南联通,1,1.0
耐克跑鞋,18,19.56
金箍手镯,1,2.45
耐克男T,8,7.87
绿松石,3,1.63
三星note 5,3,1.0
香奈儿洗面奶,2,0.5
避孕套,56,7.24
T049.407.11.057.00,1,0.0
思华洛施奇,3,8.38
华为荣耀畅玩6x,5,0.0
男鞋夏季,6,21.31
韩都衣舍,10,7.67
乔丹6代,4,2.44
露华浓粉底,1,1.73
黑色鞋子,1,0.0
玫瑰金项链,2,2.83
雅诗兰黛420,1,0.0
cf一体机游戏电脑,5,1.41
潮牌帽子,3,5.18
老年三轮车,1,0.0
爱迪达斯,1,5.66
阿迪达斯女外套,1,5.39
华为随身WiFi,2,0.0
iphone6plus二手,4,1.18
女运动鞋,2,5.82
MacBook pro,8,2.84
神舟笔,2,4.0
眼霜skin,1,2.0
王者荣耀手柄,3,0.0
木林森男鞋,4,1.66
护手霜,1,1.0
G-SHOCK,16,12.35
运动鞋 女,5,16.01
潮皮鞋,11,47.14
亚瑟士复古鞋,1,2.0
哑光口红,1,2.65
水冷机箱,2,0.0
圣罗兰207,4,2.26
佳明,7,1.55
iPhone 6S,2,0.0
二手iPhone6S,1,0.0
阿迪椰子鞋,2,6.79
一加三,4,1.58
话费电信,1,0.0
微单相机,4,4.93
华为P10plus,3,0.0
李宁男,4,4.5
迪士尼,1,0.0
炫龙 毁灭者 p6,7,0.31
aj1女,4,1.57
iPhone6s,187,1.09
蓝钻,1,0.0
nba球衣,4,22.94
hyperdunk,1,0.0
air jordan,7,1.31
科颜氏,33,6.11
妮维雅,4,19.95
暗影3,5,1.0
ipadpro,69,1.35
阿玛尼手表AR7354,4,4.1
阿迪达斯男裤,23,95.84
sony rx10m3,1,0.0
iphone 手表,6,1.0
重庆话费充值,1,1.0
瘦身霜,4,6.43
tommy,1,6.08
睡衣,7,3.17
macbook pro,20,5.12
哈伦牛仔裤,1,5.92
呼吸套盒,1,0.0
sk,43,9.5
脱毛,8,5.38
加湿器,3,3.19
北海巨妖,2,0.0
雪纺上衣,1,1.41
魅蓝Not3,3,1.41
平衡车,39,2.68
斜挎女包,5,3.63
nike包,5,1.67
男士机械表,14,25.37
小米5,118,2.66
nars,3,2.63
苹果台式电脑,1,1.73
行李箱女士,14,8.35
大包女,2,4.76
机械键盘,149,11.91
格力品悦,2,0.0
袜子跑鞋,4,2.0
YY学车,1,0.0
核桃,1,0.0
美度贝伦赛丽,2,1.41
lg,5,4.04
理光,10,0.0
话费联通,2,1.47
jeep手表,3,8.81
996,3,3.11
nb,4,11.69
尼尔,1,3.32
美图手机,215,4.68
wifi信号扩展器,1,0.0
耐克旅行包,5,5.6
游戏鼠标,1,5.92
迷彩短裤 男,1,2.83
三叶草g61069,1,0.0
aj风筝,1,0.0
摩托360,1,0.0
350,1,2.45
make up for ever彩妆,3,1.68
洗面奶 女,6,2.28
驾照,2,1.0
gucci半袖,1,2.0
安踏篮球鞋,12,4.73
50 1.4,2,1.0
阿迪运动裤,2,4.03
椅子,4,6.51
ysl411,1,0.0
Burberry 包,12,8.19
华为p9,44,0.67
aldo,1,3.46
锤子科技,4,0.0
幸运,1,2.83
安徽移动,3,1.0
苹果7耳机,6,1.0
对戒指,1,2.24
耐克收脚裤,2,2.55
coco香水,2,11.39
华为麦芒5,6,1.0
宾得,24,1.45
Microsoft 微软 Surface Pro4 平板电脑,5,1.42
男凉鞋,4,6.73
耐克冬季外套,1,2.45
MAX2,2,0.0
长虹空调,6,4.06
耐克鞋男鞋,4,6.42
9号平衡车,1,1.0
王者荣耀英雄,2,2.83
安全套,1,1.41
apple watch,45,0.58
佳能7D,2,2.0
红绳转运珠,2,1.0
pg1,1,0.0
百搭男鞋,2,29.0
多功能双肩包,2,2.92
携程礼卡,4,0.71
iPhone 7p,37,0.54
红米5,2,1.0
爱茉莉,4,4.17
小米6,1236,0.1
魅族pro5,23,1.98
雅诗兰黛气垫,2,2.04
苹果耳机,52,4.76
oppo r9s,6,0.0
李宁韦德,1,2.0
鸭舌帽,1,5.83
配件,1,1.73
派克,2,2.67
bose,11,12.33
眼镜,23,23.16
毛呢大衣男,1,2.24
联想i7,2,1.73
苹果6原装数据线,1,3.61
佳能700d,10,0.16
乔12,3,6.45
炫龙p6,5,1.0
oneplus5,12,1.0
男工装裤,6,5.72
国足,1,0.0
三星gear,3,2.83
new balance,16,11.53
VANS高帮,2,2.55
板鞋,32,2.87
努比亚z,4,0.0
宏e527g,2,0.0
男士短袖T恤,7,3.59
链表女,2,5.14
LV男,1,1.0
利拉德2,1,3.16
puma板鞋男鞋女鞋,1,3.16
耐克板鞋sb,4,2.92
宠爱之名,1,1.0
帽子,105,6.4
雅萌,4,1.12
笔记本 有光驱,2,3.87
电动车,191,8.2
洛华施奇,3,2.28
819686,4,2.83
椰子,32,4.66
钱包男士,17,14.78
二手苹果手机,3,0.0
格力空调,85,8.75
三星,380,7.47
华硕笔记本,13,33.22
OppoR11,2,1.41
办公椅,1,0.0
军绿色裤子,4,1.41
s6edge+,1,0.0
zippo火机,5,6.02
双肩包,70,7.31
freeplus,2,0.0
重庆移动,2,0.0
联想Miix,1,0.0
QQ,12,3.81
Zippo红色,1,1.0
情侣T恤,1,6.86
牙刷,11,4.92
苹果se,86,1.24
范斯女鞋,1,1.41
未来人类,22,0.96
Adidas外套,2,6.36
air jordan future,6,2.08
施华洛世奇手链,3,4.48
xa3,1,1.41
DW男表,10,28.59
欧莱雅男士,1,1.0
范思哲女包,2,3.29
阿迪达斯neo,3,10.05
ysl口红,2,1.26
760d,6,0.24
海鸥手表 情侣对表,1,1.73
耐克外场篮球鞋,2,2.01
情侣戒指白金,2,3.16
iPad air2,8,1.0
air Jordan 6,1,3.16
iphone6s二手,13,8.85
nike篮球鞋,28,4.77
耐克足球鞋,5,10.08
三星s7G9300,1,2.83
airpods,22,0.0
ipad3,3,1.73
李宁男鞋,2,3.76
阔腿裤套装,1,2.0
88折,4,0.0
iPhone6S,12,0.77
红米4a,2,0.0
神舟zx,3,2.0
马鞍包,5,2.45
露华浓粉底液,1,0.0
跑鞋,18,5.75
男士背包,13,10.17
D5300,1,1.0
迪奥999经典款,1,2.0
oppor9,107,2.15
nano,5,1.45
魅族pro6s,13,0.55
耐克鞋,80,8.42
贝佳斯绿泥,8,1.1
gucci鞋,2,3.54
亚麻面料男,1,0.0
科比5,1,4.9
变频立柜式空调3匹,7,7.1
荣耀9v,2,0.0
iphone6,113,1.22
天王情侣手表,3,3.27
CK内裤,1,3.16
诺比亚,2,1.0
美宝莲口红,1,4.69
礼物,13,10.82
dickies手表,3,5.07
海尔迷你冰箱,1,0.0
阿迪达斯黑武士,11,7.83
Dior粉饼,3,2.35
ck表,7,3.07
u盘,14,1.18
华为P,4,1.58
ivvi,2,0.0
荣耀8青春版,32,0.0
supreme,8,2.23
对戒,5,2.99
大码高跟鞋,1,0.0
运动包,5,4.02
联盟,1,0.0
尼康7200,14,2.04
耐克外套,7,4.38
阿迪拖鞋,1,3.32
卡西欧BEM 506L,7,2.0
破洞牛仔裤,3,2.91
西裤,4,0.58
腰带男,2,1.0
雅诗兰黛修护精华,1,4.69
索尼无线头戴式耳机,2,0.0
粉底液,44,14.13
云南话费充值,2,2.24
Nike vapormax,4,1.92
匹克跑步鞋秋季新款网面,1,0.0
羽绒服男,4,23.61
女夏装,2,9.53
分期乐,2,0.0
vans36,2,1.0
云学,4,0.0
Burberry粉红恋歌,1,0.0
索尼全画幅镜头,2,3.6
小米max,24,0.0
携程卡17898762050,4,0.0
ipad air2,29,0.72
gtx1080,8,2.41
乐视Pro3,2,1.73
matebook,2,1.0
PG1,2,2.0
Haven,3,1.0
佳能80d,21,0.58
话费 海南,1,0.0
华为 p10,6,2.0
三叶草运动裤,2,13.28
d750,2,0.0
苹果ipad平板电脑,1,2.24
水光面膜,5,0.26
钛度 鼠标,2,0.0
运动鞋男乔丹网鞋,1,4.36
男士洗发水,9,11.06
眼影,36,2.23
Chanel,5,2.92
coach男钱包,2,2.83
金耳钉,2,2.01
手机壳,2,0.0
尼康单反,3,2.16
OPPOr9s,2,0.0
保罗乔治战靴,1,0.0
iPad  pro,3,1.41
湖南移动充话费,1,0.0
360N5S,2,0.0
mate,16,1.48
LAb,1,1.41
阿迪达斯跑步鞋夏季,1,5.0
oppp r9,4,1.41
入耳式耳机,3,17.19
男短袖,1,2.83
1加3,6,0.0
以太网,1,0.0
彪马短袖女,5,2.2
.努比亚,1,2.65
外置声卡,1,1.41
佳能700,6,1.83
ThinkPad x1,2,1.0
Air,5,8.44
男士石英表,5,11.96
背充电宝,2,0.5
dior,1,4.12
鞋子女,1,0.0
战士11,3,0.71
戴尔微边框,4,0.0
惠普笔记本,2,3.46
MacBook  pro,7,2.38
大疆精灵3SE,1,0.0
黑色皮鞋男,1,3.0
A10 cpu,2,2.06
拍立得宝丽来,1,1.0
乐视,131,1.27
superme,4,0.0
派克大衣,2,0.0
努比亚布拉格,2,1.0
匹克男鞋,10,6.89
lbj14,1,2.24
耳机,551,8.26
潮休闲鞋,31,4.67
威刚,1,0.0
耐克跑步鞋夏季,2,6.88
勒姆森,1,3.0
王者荣耀安卓版,2,2.24
小洗衣机,3,4.86
卡西欧GWG-1000GB-4A,3,0.0
雪花秀撕拉面膜,3,1.63
牛仔裤复古宽松,7,12.46
ipad pro10.5,24,0.65
高光,24,4.89
oppo r7plus,1,0.0
包  男,2,7.38
dior 美肌修颜乳,1,0.0
MCM中号,1,4.12
手绘板,37,3.2
电子火锅,3,0.87
凉鞋,65,3.35
米你课堂,2,2.45
华硕灵耀,2,1.73
阿玛尼女表,15,3.71
荣耀八青春版,4,0.0
键盘鼠标,6,1.08
三叶草椰子鞋,4,4.71
ipad4,14,1.37
iphone6splus64G,2,3.16
ipad 4,1,1.0
耐克肩包,1,2.24
平安扣,4,1.19
shadow,4,1.3
ipadpro12.9,4,0.71
阿迪达斯ZX,2,2.39
金立双摄,3,2.63
佳能760,5,0.45
睡袋,1,0.0
魅族手机,25,1.64
小新pro,8,1.73
耐克收脚,4,2.57
李宁球鞋,6,4.41
佳明fen,5,1.67
CK男钱包,1,3.87
女士包,3,5.91
玛丽黛佳气垫,2,7.39
珍珠耳钉,2,2.69
手环蓝牙,1,3.74
裹胸套装,1,4.47
水密码,10,1.6
飞行器,3,0.0
New Balance凉鞋,2,2.04
纪梵希男包,1,4.24
神舟z7,3,2.99
鼠标垫,2,0.71
篮球鞋李宁,1,9.17
手包男,1,3.0
红米4,6,2.06
迅雷会员,7,0.0
大码男七分裤,7,8.81
iphone 7,11,0.0
佳能 SD卡,1,1.0
nike zoom kobe 1,1,0.0
卡西欧Tr550,1,1.0
男士洗面奶,3,7.37
泳装,1,6.24
伊蒂之屋,2,0.0
17.3,36,2.27
mac air,3,1.0
匡威开口,2,2.0
男士钱包,19,5.19
米6手机壳,1,2.0
乔6女,2,2.12
iPhone6国行,2,3.18
纪梵希女短袖,1,1.41
阿玛尼手表女,4,3.68
85 w,1,3.32
游戏摇杆,1,0.0
插排,5,14.73
华为mate 9pro,2,0.0
蜜丝,1,2.45
游泳眼镜,1,7.35
阿迪达斯绿尾,3,5.83
锅,2,5.52
mac Air,2,1.0
打印机,11,2.51
三星S6,14,1.74
马丁,2,0.0
祛痘霜,2,4.48
蕾哈娜蝴蝶结,10,3.76
MacBOOK   Air,1,0.0
三星s7eage,3,1.63
手表欧米茄,2,2.85
6splus手机壳,1,0.0
Jordan拖鞋,3,3.54
香奈儿coco小姐香水,1,0.0
匡威板鞋男,8,7.9
空调奥克斯变频,1,1.0
匹克2016新款跑步鞋,1,3.0
工装裤复古,3,3.23
OPPO手机,3,2.1
耐克高帮,5,6.4
牙,2,2.61
oppor7,6,0.0
耐克跑步鞋,20,9.5
惠普,47,3.08
电饭煲,21,0.87
三星s8加勒比,4,2.92
泰国不脱妆粉底液,1,0.0
圣罗兰唇釉,1,2.24
挂烫,3,1.73
卡西欧运动女,2,2.28
精工水鬼,2,1.73
大版形衬衣黑男,1,1.0
耐克T恤,10,21.39
ysl 气垫,1,0.0
口红唇釉,1,1.0
河北电信充值,2,1.26
乔9,1,1.41
彪马女,1,4.12
雷蛇键盘黑寡妇,3,1.35
盒子,2,1.41
耐克气垫鞋,14,2.31
苹果iphone7,2,1.0
瑞士天梭Tissot男士手表库T035.627.16.031.00,1,0.0
air  max97,1,3.0
卡西欧情侣表,4,83.99
耐克单肩包,18,33.19
话费充值吉林,3,5.92
安踏短裤,1,4.24
海尔冰箱,4,1.81
潮牌,1,0.0
kate眼影,1,1.41
施洛华,1,4.8
魅蓝 note5,11,1.37
海盗船键盘lux,4,0.71
流量,4,1.95
松拓,18,2.71
手机充值福建联通,2,0.0
剃须刀 飞利浦,1,2.0
男板鞋,9,9.57
平板mini4,2,0.0
华为P10p,4,0.0
折叠床,10,2.0
袜子,32,9.85
乐视超级电视,2,0.0
黑龙江电信,1,2.0
iphone pro平板电脑,19,0.79
Iphone6p,2,0.0
唇彩,1,1.0
吉他包,2,4.25
apple id,2,2.0
北京移动,2,1.0
KM,5,10.12
OPPOr 11,2,0.0
卡西欧手表,71,43.13
阿迪贝壳,6,0.91
蒂凡尼,10,3.89
鸿星尔克跑步鞋男,2,1.47
石榴石,2,7.81
zx750,2,0.0
dnf点券,6,0.0
U 盘,1,3.32
魅蓝note5,43,0.86
自律水,1,2.0
Akg,1,1.0
小样,2,4.24
情侣对表,20,5.14
女包,38,72.62
卡姿兰口红,9,3.41
男士白金戒指,1,1.0
面膜泥,8,10.98
雷柏 键盘,2,2.83
李宁女跑鞋,2,1.83
迪奥999口红,5,1.05
nike 气垫,5,6.86
hyperrev 2016,1,1.41
aj拖鞋,59,2.58
罗技g910,2,0.82
固态硬盘金士顿,3,2.09
格力变频空调,6,2.1
微软,21,2.61
彪马鞋,4,3.18
台式电脑音响,1,3.46
程野医生,6,0.72
电子手表男,8,3.06
山西移动话费,1,1.0
宽松女T恤,2,2.55
资生堂百优眼霜,1,0.0
花,1,3.87
男士包,8,18.65
手表DW,4,1.06
魅可口红,10,2.53
新疆联通充值,1,3.32
旅行箱,46,7.37
AJ短袖,1,5.1
隔离,24,6.03
华为V9,2,0.0
包头鞋女,1,2.65
雪花秀面膜,2,1.0
金手镯,5,21.16
iphone watch手表2,2,1.0
海信空调,11,4.32
男性脚链,1,3.0
im70,3,0.0
男直筒裤bf,1,4.12
男士黄金项链,3,5.74
湖北手机联通,1,2.83
烧烤炉,1,1.73
美容,2,4.03
空调扇,65,2.99
红米note3,2,0.0
雷蛇,21,2.76
apple iPad,3,0.0
coach,9,14.41
男士戒指,12,10.59
腾讯大王卡,2,0.0
s8,155,0.3
联想笔记本电脑,1,0.0
联通话费充值,2,2.01
dw女,8,3.44
x100f,1,1.0
破洞牛仔裤男,2,2.0
电信,2,0.5
外星人17,2,0.0
aj背心,3,4.96
x5n,3,1.0
apple,12,3.43
游戏耳机,4,3.74
eqt,10,25.73
aj篮球鞋,1,5.1
金玉福,2,0.0
锐步跑鞋,4,0.71
新疆联通,2,0.0
蔻驰钱包男,6,8.65
水宝宝,7,2.15
范思哲香水,2,3.16
一加手机,17,0.66
魅蓝not2,1,1.73
效果器gt100,2,1.0
乔丹11低帮,1,1.73
石泽研究所 KEANA,5,0.63
情侣短裤,2,1.73
背包,50,8.92
锤子,265,1.77
尼康D7200,1,0.0
运动长裤,2,4.57
陕西联通话费充值,1,1.0
dell,2,1.73
苹果数据线原装,1,4.69
adidas裤子,3,0.65
乔丹6,1,1.0
炫龙者,2,3.26
话费陕西,1,1.73
solo3,20,0.0
oppo充电宝,1,0.0
nike挎包,3,6.42
雷蛇竞技2014,1,0.0
苹果数据线,7,1.51
唯路时,10,6.93
机械革命x7ti-s,5,2.24
大码男裤子,3,1.18
天王手表,40,5.56
ck风衣,2,1.75
小米3平板,1,3.0
阿甘,2,3.67
Surface,3,0.0
单反 佳能,2,2.0
蜜粉,2,1.06
键鼠,5,11.1
nw zx100,2,0.0
男士腕表,1,6.93
单反相机,2,0.0
拉杆箱铝,3,2.03
诺基亚电信,1,2.65
乔丹女鞋,8,23.1
阿迪达斯鸡年,2,0.91
空军一号男鞋,1,0.0
香奈儿口红,8,4.77
一脚蹬阿迪达斯,1,1.0
iPad保护套,1,0.0
Tom Ford 汤姆福特Black Orchid 午夜兰花女士香水,1,0.0
牛仔短裤,3,4.18
平板电脑双系统,1,0.0
空军,1,2.0
眼镜文艺,1,0.0
铁三角em7x,3,0.67
肌美精,2,1.68
索尼mdr xb550,2,1.41
小胖丁,5,7.17
衬衣男装,1,2.24
洗面奶男士,2,2.24
牛仔衬衫李维斯,6,3.61
iphone 6s plus,3,0.0
包,6,35.22
洗发露,2,0.0
iphonese,31,0.78
男士商务皮鞋,1,0.0
话费200 移动,1,1.41
aj1,61,11.6
V7素颜霜,3,1.0
7500U,2,0.0
帽,3,9.12
QQ飞车,1,1.0
联想平板电脑,1,6.32
称,2,1.41
二手苹果7p,1,3.0
耐克凉鞋,9,2.32
OPPOr9plus,7,0.76
华为耳机,1,2.65
杜蕾斯,4,0.0
荣耀手机,2,1.0
苹果6,291,0.9
lol,6,0.83
网鞋男,1,0.0
三叶草bk0012,1,3.61
开拓者男,2,2.45
rose7,1,0.0
OPPOr11,71,0.44
男黄金,1,2.65
佳能750,7,0.0
男士手拿包,1,2.83
华为P9,10,0.6
收纳袋,2,1.93
啦啦包包,2,1.41
小米Note2,2,0.0
王者荣耀ios,2,2.45
豆豆鞋,18,3.71
低价q币,7,1.24
二手苹果7,5,0.91
携程卡,212,0.0
DW手表带,3,6.31
手环表,3,2.58
ultra boost,14,3.86
麦,1,3.74
小米note4,2,1.0
6S,2,0.0
三星A9,6,2.58
sk2小灯泡,2,0.0
ipadair,2,1.0
苹果7plus,33,0.92
夏长裤,2,5.75
兰蔻粉底液,9,11.07
555088,2,1.75
阿迪达斯男鞋板鞋,9,10.0
Canon N2,1,0.0
香奈儿COCO小姐,7,2.64
vivo7,3,0.0
OPPOA37,1,0.0
tiffany,2,27.24
大版型九分裤男,2,1.63
zuk  z2,5,0.0
新百伦999,3,2.0
乐心手环,1,1.41
男学生短袖,3,2.79
stan,3,3.25
华硕B85 PRO GAMER,1,0.0
玛丽黛佳,8,4.89
魅族note3,10,0.89
速干透气运动短裤,10,7.35
运动裤男,22,20.2
耳机头戴1A,2,0.0
沙宣,2,2.92
洗面奶男,1,1.73
双肩男包,1,5.29
手链,63,4.94
女手表卡西欧,1,3.16
阿迪女鞋,16,5.92
手机充值陕西,1,1.73
牛仔九分裤男,2,0.0
电须刀,3,4.52
网面跑鞋,1,3.0
aj编织low,1,0.0
电钢琴,20,2.12
尼康85,5,3.03
小型冰箱,1,1.0
lab,2,2.28
军表,3,1.96
QQ黄钻,2,1.0
耐克男短裤,1,5.2
耐克包,2,14.49
apple耳机,1,2.45
耐克科比,11,8.92
懒人鞋女,1,7.35
iphone6s 64g,8,1.41
magic,3,1.0
持久bb霜,2,2.42
H皮带,1,6.86
refa,12,0.0
羽绒服女士,1,8.43
防晒冰袖,1,2.0
长款钱包男士,6,7.41
桌子,7,0.0
750,2,0.0
潮包,1,2.0
手机魅族,4,3.18
跑步鞋,56,39.78
CK腕表,3,3.13
体脂秤,9,2.31
U盘32,2,1.41
ipad pro9.7,1,0.0
创新,4,2.25
迪奥气垫,3,0.58
雪花,1,4.58
飞科,2,1.0
oppo,379,1.84
松拓手表,1,2.45
阿迪达斯男鞋户外,2,3.33
电脑,28,2.27
移动硬盘,98,1.88
运动鞋女跑步,1,3.32
卸妆水,15,8.06
男，内帮,1,2.0
iphone数据线,1,1.0
包包  女,4,17.84
男短裤,23,10.72
游戏主机分体水冷,1,0.0
冈本,5,0.77
ck女T恤,1,3.32
卡西欧750,4,1.41
mcruzbk,2,1.0
华为畅享,15,1.33
紧身裤男耐克,1,2.83
裤子街头,1,2.0
furla,3,2.83
DICKIES,1,4.47
魅蓝Note2,1,0.0
卡西欧ga,5,6.15
AJ篮球,1,1.73
一加3,8,1.58
Swarovski,2,3.54
索尼移动xzp,1,0.0
运动鞋男夏,1,5.92
背带裙女,2,8.98
妆前隔离,8,6.97
锤子坚果,16,0.58
nike zoom kd 9 ep,5,0.93
奥克斯空调,9,3.89
彼得罗夫,1,4.69
max97,1,0.0
铁三角emx7,1,3.0
香奈儿气垫,3,0.41
oppo a57,2,0.0
剃须刀,120,2.69
kate眉笔,1,1.41
豪华绿钻,6,0.0
新百伦男鞋997,5,0.84
牛肉,1,0.0
卡包男,1,3.0
dw女士手表,4,6.93
香奈儿香水,24,2.13
耐克飞线,1,1.73
爱丽小屋祛痘,1,1.0
渔夫帽,1,0.0
索尼镜头,2,6.25
古驰,15,2.89
电脑台式,6,1.64
创新Aurvana,2,2.12
佳能单反,20,2.77
iphone pro,1,0.0
Watch 2,2,0.0
耐克休闲鞋,19,4.66
波西米亚凉鞋,2,1.41
香皂,1,3.32
芦丹氏,6,1.12
短袖马克华菲,2,3.4
泰勒 旅行吉他,1,0.0
科颜氏护发素,3,0.67
nike拖鞋,25,3.49
富士xa3,2,1.58
嘉娜宝,1,3.16
马桶,1,0.0
CPB高光,5,2.06
Nike,10,11.62
aj4纯白,1,0.0
银饰,5,4.55
休闲鞋阿迪达斯,11,1.38
哈曼卡顿,1,2.24
ysl,89,3.04
戴尔平板,3,0.0
mate8,3,0.71
江西联通,1,1.41
华为MATE9,2,0.0
魅族pro 6,1,3.16
拖鞋 男,3,6.71
魅蓝,70,0.92
Nike短袖,7,14.69
g502,4,0.35
运动背包,2,1.41
耐克Polo衫,3,1.61
ipad mini 2,1,2.45
手提包女,1,0.0
vans板鞋男鞋女鞋,7,2.35
飞傲,2,0.0
潮牌Polo衫,6,3.12
凉鞋女,14,3.46
fh5900,2,0.0
近视眼镜,2,0.0
拖鞋,117,4.17
阿玛尼男士手表,8,3.54
网络电视盒子,1,3.32
新百伦鞋574,3,9.83
大版衬衣黑男,4,4.36
车,9,1.99
亿色,2,5.0
男士短裤,11,5.43
海盗船,7,2.85
男士椰子鞋,2,0.71
乔治篮球鞋,6,4.78
阿迪男鞋夏季,4,1.85
理肤泉,13,7.39
魅蓝一二,2,0.0
牛仔裤哈伦宽松男,2,3.8
小米电动牙刷,1,4.36
零食,4,1.76
一脚登,6,6.1
学生书包,2,9.01
一脚蹬,4,4.79
自行车,103,19.7
露娜,6,0.52
气垫鞋,2,0.0
手镯送老人,1,1.41
app,19,1.3
苹果二手,3,7.82
苹果充电器头子,1,1.73
运动鞋女,46,7.15
CPU,1,2.0
全身水洗剃须刀,10,3.31
oppo手机,2,2.83
优派,16,1.1
自动卷发器,1,0.0
YSL粉底,2,8.73
联想笔记本,4,11.27
布洛克皮鞋,20,4.17
iPad mini4,6,0.0
芙丽芳丝水乳,2,2.02
红米note4x,40,1.19
百年,1,0.0
炫龙 炎魔,1,1.0
xt2,1,1.0
电竞耳机,3,4.85
苹果二手5s,1,3.16
马丁靴男,1,1.41
tiger男鞋,2,4.3
阿迪达斯背包,3,3.37
特步网面,2,4.43
女士机械表,3,6.87
app store充值卡,2,3.46
狼牙运动耳机,1,2.24
耐克紧身背心,5,2.18
华为MATE8,4,0.97
牛皮包,2,16.81
iPad 10.5,7,1.65
头戴式耳机,16,3.22
折叠,4,3.58
卡西欧GBA-400-7C,2,0.0
项链,77,11.87
玩家国度,4,1.41
李维斯,1,8.31
dw手镯手表,1,1.0
lv,22,16.96
瑞士手表,1,0.0
蓝牙头戴耳机,4,10.71
水冷,4,8.51
刮胡刀,28,1.32
迷你打印机,3,9.32
足球服,11,25.09
耐克女,9,26.57
摄像机,4,7.57
衣服女,3,1.08
阿玛尼手包男士,1,3.0
朋克机械键盘,1,0.0
拜仁,3,2.65
阿玛尼小胖丁504,1,1.0
二手vivo,1,3.0
OPPOa57,3,0.0
渔具,5,44.42
迪奥口红,5,0.92
派克 威雅,1,0.0
yeezy,39,3.56
iPadAir2,6,1.73
iPhonese,34,0.74
泳衣,21,2.69
男士腰包,1,2.24
AJ黑,1,2.45
iphone6s钢化膜,4,0.71
T恤,32,32.05
华为手机充电器,1,1.41
手表女士,18,2.51
App充值,2,3.32
华硕fx60,3,0.0
口红香奈尔,1,0.0
扬子,7,0.38
耐克短袖男,3,10.75
脱毛膏,3,1.0
RX470,3,0.0
风扇,100,12.01
全键盘,1,1.73
运动背心,3,5.71
vivox9plus,14,0.71
精华液,6,3.0
索尼a 5100,2,0.0
adidas tubular,1,3.46
散热器,3,0.0
广东联通,5,1.0
小新潮7000,17,0.0
口喷,1,0.0
小行李箱,3,3.56
oppoa33,1,0.0
瘦脸仪,2,2.55
剃毛刀,3,1.95
山地车26,3,5.35
匡威编织图案短袖,2,11.52
运动群,1,0.0
蔻驰 双肩包,2,5.0
气垫bb,3,3.74
蔻驰皮带,2,5.11
荣耀,120,5.93
kindle paperwhite,1,0.0
人字拖,20,1.05
阿迪跑鞋男,9,4.04
彪马女鞋,56,12.51
云学贝,2,0.0
蒂佳婷,1,2.65
k70,2,0.91
KD10,1,1.0
阿甘鞋,11,5.49
芙丽芳丝,3,6.12
血压,2,4.59
乔丹跑步鞋,2,9.75
盛田屋,2,1.0
Tommy,5,5.0
Oneplus,2,0.0
悦诗风,4,3.49
xt20,3,0.93
魅蓝5S,2,0.0
男士项链,5,0.45
adidas   男鞋,5,14.79
红色笔记本电脑,3,3.32
罗技摄像头,3,1.73
卡西欧运动手表G-SHOCK,6,9.17
耐克健身衣女,1,2.45
宝石项链,3,1.05
电动牙刷萌牙家,1,4.0
游戏充值,4,1.41
5300,3,0.0
球衣,2,3.97
卡西欧神器,1,2.24
情侣夏装,2,3.63
5D4,7,1.0
情侣手表,108,4.19
破壁机,1,1.41
华为b3,6,0.0
钱包男,28,16.25
军绿色工装裤,1,2.65
联通流量,1,0.0
耐克黑武士,9,9.42
Q币,220,0.76
泳裤,10,15.19
耐克跑鞋男,3,9.77
健身器材,17,1.94
女高跟鞋,4,6.45
卸妆膏,9,10.18
篮球鞋女,2,45.25
4K电视,1,1.41
mifi,1,0.0
女人衣服,1,1.73
Ch 香水,5,3.91
Apple 5s,3,3.81
卡西欧babyg,1,2.65
wifi路由器,4,2.02
棒球服,1,2.83
华为畅享7,11,3.5
oppoR9,5,1.85
新百伦男鞋,22,3.14
迷彩短裤,3,6.29
三叶草外套女,4,10.22
忍者拖鞋,1,0.0
文胸,3,1.94
运动裤,20,10.64
小新air13,4,0.0
戴尔笔记本,14,7.08
红米Note4x  十二期,3,0.0
斯沃琪,1,1.0
尼康24-70,2,0.0
Ck香水,1,4.12
魅蓝E2,64,0.67
彪马 女鞋,6,3.57
戴森吹风机,4,0.0
娇韵诗,8,9.5
携程礼品卡100,1,1.73
雅诗兰黛dw,3,2.67
手表卡西欧,1,3.0
显示器,123,2.76
红米note4,28,2.02
ipadair键盘,1,1.73
s77655,2,0.0
ysl唇釉46,3,2.12
机械表男,3,2.4
耐克大气垫,1,1.41
希捷,11,3.68
兰蔻口红,1,2.24
香薰机,3,4.66
350v2,8,3.76
耐克手提包,1,2.65
锤子m1,6,1.41
福建移动话费,1,5.0
魅蓝2,1,4.58
Nike耐克男鞋AIR PRESTO,9,3.56
衬衣,2,4.36
迷你洗衣机,1,3.46
3ds,1,2.83
雪花秀,38,4.16
钻石之泪,3,0.0
瘦腿,1,1.0
耐克女鞋夏季,6,5.19
男士西服,6,8.28
暴龙眼镜框,3,11.69
和面机,2,1.0
旅行收纳,1,1.41
金项链,39,2.94
蜗牛原液,2,1.9
照片打印机,4,2.18
妆前,14,5.57
香奈儿,58,7.15
海信  大3匹  空调柜机,2,0.0
华为p,5,0.91
三叶草贝壳,7,3.95
AJ7,10,4.52
铁三角im70,10,0.84
李宁跑步鞋男,15,4.62
双人帐篷,1,1.41
乐町,3,6.79
Ultra boost,2,1.26
OPPOr7plus,3,0.0
高帮鞋,10,21.68
康佳32寸,1,5.48
耐克小赵云,3,3.32
李维斯男表,2,5.72
iphone充值卡,2,0.0
紧身裤,5,3.56
TCL,1,2.45
保罗球鞋,1,2.45
运动鞋女士,3,39.28
格力,21,0.87
微星412,7,2.85
圣罗兰12,10,3.82
兰瑟Cc 霜,1,0.0
战神t6,3,0.0
秋季外套,2,3.02
哈登,4,5.35
一次性染发剂,1,0.0
Ipad pro,4,2.45
佳能微单m6,5,0.0
四叶草,1,6.71
Nike板鞋,1,5.48
惠普暗影精灵电竞,5,1.73
伦敦男孩,15,9.98
AKG耳机,3,7.55
奥尔滨肌底液,1,1.73
华为M2,2,0.0
Nike 短裤,4,0.61
移动电源,46,3.47
笔记本显卡,1,0.0
6plus,11,3.25
佳能85,2,0.0
纪梵希301,2,2.04
Dior,4,1.84
凤凰山地自行车,1,2.0
硬盘,34,11.81
指尖陀螺,2,1.0
阿迪达斯长裤,11,3.36
Air Jordan AJ11,1,2.65
山水,2,0.0
newbalance,7,4.34
大疆,32,1.91
耐克跑步鞋夏季男,2,4.36
Sony mdr 100aap,1,0.0
拉菲格慕,1,1.0
Air2,2,7.11
MacBook pro 2017,2,3.0
映众显卡,7,0.96
晴雨伞,15,4.86
乔丹bm,1,3.0
Y3黑武士,4,2.58
黑卡3,1,3.46
DC,38,7.7
Apple watch,11,0.43
篮球鞋欧文3,5,4.15
胸包匡威,2,2.65
OPPO a33,1,0.0
三星s8+,24,0.91
iPhone数据线,1,0.0
mac彩妆,2,1.0
vans女鞋,6,9.12
iphone6二手,1,0.0
戴尔游匣,12,1.22
小米配件,3,7.08
Qb,3,0.0
aj 11,5,1.83
三星手表,17,0.64
二手苹果6s,4,1.44
oneplus,3,0.0
笔记本电脑，粉色,2,3.16
e3,1,6.56
iPad Air2,8,1.73
努比亚z11,20,1.05
资生堂发膜,3,0.0
粉底,28,4.59
女孩背包,16,10.2
定妆粉饼,3,26.89
欧莱雅男士控油洗发露,8,0.35
阿玛尼红管201,2,2.92
周大福金项链,1,0.0
佳能1300D,3,0.0
101000,9,0.61
天王表手表,1,3.46
t恤,22,4.35
卡西欧z,2,6.4
耳麦,11,10.13
olay,3,1.4
swisse,4,3.97
5d 4,1,5.2
理肤泉喷雾,1,1.73
玉兰油,8,3.74
苹果6splace,3,1.0
beats solo 2,2,3.34
诺基亚n1,1,0.0
鲟鱼竿,1,2.45
雅芳,1,1.41
LV长条格纹钱包男士,2,1.41
台式主机i7,1,5.2
摩托车,48,1.18
kd,7,6.33
雷朋,16,14.8
飞科剃须刀,6,2.47
ysl气垫,5,1.96
华为手环,28,2.13
dw手镯,4,0.0
卡西欧女,10,12.53
pro6,9,0.41
阿迪达斯溯溪鞋,11,1.51
小米电饭锅,2,0.0
oppo11,3,1.0
ipad pro,228,1.16
变频空调,14,2.18
索尼z5,8,0.35
非洲鼓,4,1.22
闹钟,1,1.73
rmk,2,5.66
遮瑕液,1,2.24
美即面膜,4,1.54
iPhone7耳机,2,0.0
台式机电脑显示器,1,1.0
美白霜,1,0.0
韦德之道,7,3.48
三叶草外套男,1,10.15
2017春季新品 特步男款,1,0.0
esthe,3,1.5
魅蓝  u20,4,1.0
Adidas帆布鞋,4,12.34
罗拉散粉,3,18.78
外套女,8,9.01
阿迪达斯椰子鞋,2,6.65
女表石英表,7,0.0
天梭魅时,2,4.2
机械手表,16,43.76
组装主机i5 1050ti,1,0.0
ZUK,1,0.0
360平板,1,3.32
荣耀8,138,1.71
静音,1,4.47
维达,1,5.2
乳液补水,6,6.23
透明短袖,2,0.0
阿迪达斯板鞋男鞋女鞋,1,4.36
新百伦鞋女鞋,4,18.18
彪马,83,16.95
男用遮瑕,2,2.15
篮球,14,6.27
Nubia,1,2.24
beats,124,3.29
iPadmini,3,1.35
特步正品男鞋跑步鞋2017,1,5.57
韩国口红,1,4.24
小米盒子,12,1.73
罗斯球鞋,13,4.42
爱奇艺5折,100,0.0
阿迪达斯短袖女,2,4.72
李宁韦德之道,12,6.37
oppo A59s,5,0.0
三星S6全网,4,0.0
运动半袖,1,1.0
耳机蓝牙,5,13.75
耐克女鞋,126,10.91
运动裤  女,2,2.3
止汗喷雾,1,2.65
卡西欧GW1100,1,1.0
蜜丝佛陀,1,1.0
宾格男士商务表,1,3.61
辽宁话费充值,2,0.82
1080主机,1,1.73
一字带高跟凉鞋,3,6.4
迪奥740,1,0.0
gear,4,1.18
6000,5,1.13
茶具,2,0.0
女鞋休闲,4,9.49
nova2,3,2.0
耐克男九分裤,1,0.0
puma鞋,6,11.99
鼠标,156,16.74
立柱式空调,2,1.41
姬芮za,3,4.9
香奈儿唇釉,18,1.09
联想小新潮5000,7,1.0
苹果7puls,2,0.0
小羊皮305,1,4.8
三叶草史密斯,1,1.41
Nova2plus,2,0.0
乐视手机,33,0.47
浪琴女,3,6.38
马丁D28吉他,1,0.0
华为 畅享,1,0.0
华为mate8,19,0.49
运动凉鞋,12,5.09
envy,5,2.43
i3,1,3.16
p9,2,0.71
雅诗兰黛眼霜,2,0.5
索尼黑卡5代,3,1.73
iPadpro,15,3.16
游戏手柄,21,1.62
声卡,14,2.31
鲨鱼,1,1.0
vivo X7,4,2.89
喜德盛,4,3.04
zx7,4,0.0
飞利浦剃须刀,2,2.37
5d3套机,1,1.41
发带,1,0.0
Thinkpad,5,16.46
斯伯丁,6,23.08
189697,3,1.41
近视太阳眼镜,1,3.61
露华浓,2,0.0
男士彩妆,1,1.73
阿迪达斯短袖男,4,16.08
科比篮球鞋,22,3.8
紫苏水,2,1.0
男表皮带,2,5.7
PS4 slim,3,1.74
皮蓬,2,3.4
祛痘,54,4.99
电源,15,12.03
华为no2,3,1.0
三星S7edge,1,0.0
云南文山电信话费,1,0.0
充话费安徽联通,1,1.41
方表皮带,1,2.65
立式空调3匹,2,1.41
手动剃须刀,2,5.39
罗技g900,1,0.0
oppo手表蓝牙,3,4.93
魅可,1,3.0
vivo  xplay,2,0.0
longchamp,13,6.69
雅诗兰黛精华液,2,7.78
束口袋包,3,3.92
爱亿生,1,2.83
荣耀6X,2,0.0
blackstar id,2,0.0
宾得kp,2,0.0
ck,25,5.86
minon,4,1.0
naked,3,1.63
彪马松糕鞋,3,4.02
国家地理,2,2.56
空调柜机格力,1,3.61
手动剃须,1,6.0
男士金项链,6,3.35
佳能5d3,7,1.2
云南联通,1,1.73
华硕144,3,8.57
球鞋足球,3,8.0
电脑游戏手柄,1,0.0
悦诗面膜,3,7.37
匡威男鞋,8,16.94
台式电脑,33,3.06
GX1060笔记本,1,2.45
阿迪达斯板鞋男,5,2.81
宁美国度,2,4.44
小米Max2,7,0.0
平板电脑9.5,1,1.41
主机风扇,1,2.45
ipad笔,2,1.0
阿玛尼口红406,1,0.0
铁三角,25,15.37
话费吉林,6,1.0
潮7000,21,0.0
蔓越梅,1,1.0
手串,15,5.56
安踏短袖,1,6.08
乳清蛋白,1,0.0
boost,52,5.49
鞋拖,3,1.13
欧米茄,15,3.43
戴尔灵越dell,1,5.66
西装,1,0.0
女式手表,3,27.47
机械键盘套装,4,1.34
苹果六s,2,0.0
卡西欧,504,8.93
项链男,1,2.0
电吉他包,1,4.8
阿玛尼情侣对表,1,0.0
阿玛尼单肩包,1,2.0
手提包,1,1.41
黑卡,5,8.42
动铁耳机,2,4.76
二手机,1,0.0
手串女,1,3.0
匹克篮球鞋男鞋秋季防滑耐磨,3,2.6
钢琴,11,4.69
AJ4,3,3.05
卸妆喷雾,1,0.0
ysl唇釉,5,10.24
iphone7plus,19,0.62
ipad9.7Pro,1,0.0
扫拖地机,1,1.41
安徽联通,1,1.41
iPhone 蓝牙耳机,2,1.41
r11,88,0.3
耐克aj1,1,1.41
密丝佛陀,1,1.0
花花公子凉鞋,1,3.0
简版750,5,21.3
卡西欧手表女款,6,2.72
彪马短裤男,13,1.96
苹果平板4,6,0.0
华硕N551,1,0.0
c7pro,4,2.06
阿玛尼男表,4,0.0
泰勒吉他,2,0.0
祛斑霜,1,0.0
Macbookpro,1,2.83
mk单肩包,1,6.4
豆浆,2,1.41
无线鼠标,60,5.48
防晒霜男,1,0.0
阿玛尼粉底液,3,2.66
迷你冰箱,7,3.38
adidas 紧身裤女,1,0.0
苹果ipad,6,1.79
耐克air,3,4.57
吉他雅马哈,10,7.08
3ce,8,2.35
玉坠,2,1.0
小米笔记本,83,2.82
科颜氏洗发,1,1.0
bf衣,1,1.41
话费充值 山东联通,1,3.16
程野医生系列,1,0.0
胸包男士,2,2.93
新百伦女鞋999,1,0.0
天王腕表,6,2.86
gucci,31,4.02
imac,5,0.0
染唇液,1,4.36
LOL,2,0.0
扣碎篮板,1,3.0
化妆品,2,2.13
力洛克,8,6.36
飞亚达,17,44.61
浪凡珍,1,3.16
oppo耳机,4,18.22
耐克Air女鞋,6,10.37
三星s7edge,5,0.0
雷神911s2b,5,0.0
盛大在线,3,0.0
白管口红,1,1.41
科比毒液5,5,4.14
iPhone原装耳机,1,5.39
OPPO,125,0.78
ipadmini2,11,4.27
笔记本电脑免息,2,3.16
罗技,21,25.47
休闲T恤阿迪达斯,2,3.87
omega,1,2.24
地下城与勇士,1,0.0
air force,4,4.26
针织夹克,18,11.67
山地,5,9.24
苹果原装充电器,8,1.23
詹姆斯,23,7.48
面霜,10,6.52
i5,2,4.58
特步女鞋跑步鞋正品2017春季女,1,0.0
睫毛膏 美宝莲,1,3.16
驻颜粉底液,1,0.0
防晒衣女士,1,6.24
海尔空调,7,2.94
广西联通,2,0.0
小黑本,1,1.41
网球拍,1,0.0
mac book air,1,0.0
吕布,13,1.81
锁骨链,3,4.12
单肩斜包电脑,3,10.93
lacoste,2,2.25
iPad Pro,20,2.03
手表防水,3,8.81
JBL pulse2,4,1.0
雅诗兰黛唇釉,1,4.0
考车,1,0.0
斯米尔,19,14.43
tory Burch,1,2.65
MAC气垫bb,2,5.66
手机 vivo x7,2,0.0
佳能m6,2,0.0
cl,1,3.87
充Q币,37,5.0
娇兰粉底液,1,1.73
电车,1,1.73
炫龙 毁灭者,1,2.65
乔丹篮球鞋,2,12.4
家用空调,1,4.0
cpb,12,5.01
苹果6sp64g,1,4.36
砖石戒指,1,2.65
内裤,78,12.94
乔丹鞋,3,4.56
衣品天成,1,0.0
圣罗兰眼影,1,5.39
李宁泳裤套装,2,5.7
宽松女T,1,2.65
三星s7edge32G,2,0.0
七个星期五,2,0.0
索尼5100,4,3.33
Daniel Wellington,3,2.02
铝合金行李箱,2,0.71
999黄金,6,6.44
运动手表女,15,5.99
戒指女士金,1,0.0
洗发水,26,7.24
苹果7p,87,0.97
ysl黑鸦片,1,0.0
小天鹅,1,1.73
篮球裤,19,3.8
苹果原装手机壳,1,0.0
ipad pro 12.9,1,2.24
八分裤牛仔,2,1.58
荣耀v9,87,0.93
coach男双肩包,4,2.83
Michael Kors,4,32.01
机械师,30,1.8
男包双肩,1,3.61
iphone6S,2,2.24
hifi,1,3.32
科比6,1,1.41
三叶草T恤,1,3.0
安踏短裤男,2,4.01
耐克女  夏季,1,3.0
女衣,1,3.87
空调美的,3,3.15
短袖衬衫,3,14.2
机械表,75,5.61
荣耀9耳机,2,1.41
y67,2,0.0
足球鞋 耐克高帮,2,1.41
华为 荣耀8青春版,1,2.0
阿玛尼t恤,3,3.11
u11,1,1.0
NB凉鞋,19,1.27
LV,30,8.23
火山岩清痘平衡露,1,1.41
iPhone 5,10,3.66
音响,57,16.66
降噪,3,2.94
a57,3,0.0
路易威登,10,2.99
网易一卡通,4,0.0
Calvin Kelin,4,3.64
监听音箱,2,0.0
Y3,18,20.72
短裤女,3,23.61
男士面膜,5,9.26
七分牛仔裤男,2,11.31
小米平衡车,11,0.0
手提包女士包,3,33.11
苹果原装键盘,2,1.0
熨衣,1,0.0
cd1095,1,2.0
dell master 15,2,1.41
腰包,29,5.52
匡威,143,9.63
话费山西,3,1.08
电磁炉,30,2.58
赫拉,2,0.0
沙滩网鞋,2,1.73
匡威70,1,3.32
ipad4壳,1,0.0
MacBook,25,0.88
ysl黑管唇釉412色,1,0.0
走秀网,1,0.0
特步男鞋,1,3.16
G502,1,0.0
方向盘,6,0.71
adidas boost,4,4.99
洁面乳,32,25.65
匡威短袖,30,9.13
面膜去黑头,1,1.0
二手,101,4.39
便携式打印机,1,0.0
Beauty洗面奶,1,2.65
小红瓶,3,4.76
耐克T恤男,1,4.8
男士行李箱,15,8.45
香奈儿散粉,1,1.0
h190,3,1.0
小米平板电脑,3,0.0
联想air pro 13,9,1.63
oppoA59,2,0.0
手表 女,9,6.72
棒球帽,3,5.81
浙江电信,2,0.0
阿迪达斯椰子350,2,1.83
指环男,2,1.68
丹尼尔惠灵顿手表带,3,3.03
魅族 pro5,1,0.0
iPhone7p二手,2,4.3
七彩虹,4,0.58
y-3,4,3.75
乐视3爵迹,3,0.0
airpod,3,0.0
青春,3,1.0
filco,12,1.63
贝斯,2,0.0
铁三角ws,2,1.73
acronym,1,0.0
Adidas 迷彩尾,1,1.0
爱马仕,3,4.98
电动牙刷,83,1.6
罗技鼠标,1,0.0
电动摩托,2,2.13
达尔优,9,1.25
阿迪单肩包,3,5.24
6300,1,0.0
NIKE鞋,14,5.08
雪花秀精华,1,1.0
oppoA33,1,0.0
AJ大魔王球鞋,2,5.7
宾格机械表,2,13.74
防辐射眼镜,2,1.58
ipad4平板,1,0.0
图丽,2,1.58
索尼,30,11.71
手柄steam,2,1.0
阿迪魔术贴凉鞋,1,1.0
神舟战神t6ti,2,0.0
素颜,12,3.13
华硕,70,2.99
vivoX9,19,0.95
ultra boost3.0,2,0.0
包包,14,41.74
air jordan 11,5,7.62
携程礼,1,0.0
雅曼美容仪,4,1.8
surface pro4,1,2.45
nokia,9,0.69
洁牙,1,1.41
蛇戒指,1,3.32
良品铺子,21,3.07
coach斜挎包,3,17.44
内衣女夏季,1,2.45
数据线,16,1.67
联想拯救者,22,0.0
AJ1,16,4.77
高清屏幕,4,0.0
亚瑟,9,6.42
乐1s,1,0.0
kd精英篮球鞋,2,2.0
苹果6S,21,0.71
苹果5c,1,2.24
匡威女,2,4.69
mdr1a,1,0.0
袜子鞋,2,6.93
科比,5,7.51
手表女石英表,1,1.41
雪花秀滋阴套装,1,0.0
阿迪达斯女鞋夏季,11,8.62
vans aut,1,0.0
一加4,2,0.0
蒸汽眼罩,1,1.41
足球鞋tf,9,12.65
浪琴嘉岚系列男表,2,2.12
小椰子,31,46.93
小蚁微单相机,6,0.71
固态,12,9.81
double tour,1,0.0
商务短袖衬衫,2,3.02
Zukedge,2,0.0
植村秀口红,3,5.74
Dell,19,2.25
魅蓝note2,2,0.0
上衣,1,3.32
平板电脑ir2,2,1.41
男牛仔裤,2,1.55
摩托,3,8.55
阿迪达斯书包,7,4.26
美图m6s,5,0.0
阿迪板鞋,1,3.0
书包男,18,24.4
刀锋战士,1,2.24
迷彩,2,3.8
沃尔鞋,2,1.15
MacBook Pro,12,2.78
ticwatch,12,2.03
卡西欧prw,1,7.21
破风自行车,1,3.61
阿迪达斯短裤男,3,4.01
单反相机云台,1,1.41
喷,1,3.32
ipadair3,2,1.41
耐克847579,3,1.41
全机械腕表,5,7.86
键盘套,1,0.0
gopro,11,0.87
aj女,9,8.59
macbookpro,30,2.28
苹果笔记本电脑mac book,3,3.79
nike运动鞋,7,7.81
欧乐B,2,2.92
高光阴影笔,8,2.57
戴尔,57,4.83
枕头,3,6.83
女包职场,13,8.26
女手表,9,65.44
佳能微单,5,2.65
华为畅享7plus,9,0.82
x9,3,0.0
dhc,1,0.0
880839,1,0.0
coach男女双肩包,3,3.68
converse,7,13.75
蜻蜓,1,0.0
电子称,5,10.38
new,5,14.55
oppoA37,1,0.0
苹果7,391,0.88
彪马女蕾哈娜,3,1.85
兰芝紧致氧气,2,0.0
穿越火线,3,0.0
插板,12,1.76
阿迪达斯无袖T恤连帽,4,0.0
手机,232,5.03
杜兰特,11,41.5
李宁音速5,1,1.0
boy  London,10,12.02
阿玛尼uv粉底液,1,0.0
6s plus,2,0.0
电脑音箱,2,11.34
坚果投影仪,3,0.82
天梭手表 情侣对表,1,1.0
博柏利香水,1,1.0
金立m6,5,0.45
造型发胶,1,2.65
海蓝之谜,7,7.55
云南话费,1,0.0
耐克紧身裤,1,1.0
低帮篮球鞋,9,5.91
iphone6splus免息,2,2.83
vivoy67,17,0.0
男生金项链,2,3.18
华为g9,6,1.15
宝格丽大吉岭茶,6,0.65
AJ3,3,1.93
ysl 46,1,0.0
Samsung s6,3,5.8
手环,89,4.51
藤原浩,4,4.5
三星s8无线,2,2.83
moto360,5,2.19
半袖V领,8,9.99
鱼杆,5,13.37
美食,1,0.0
v9,10,0.86
油摩托车,1,1.0
柚子茶,1,0.0
利拉德1代,1,3.16
蕉下,1,0.0
ua速干,1,1.41
净水,1,2.65
黄金戒指,9,10.5
美图8,7,0.38
充电宝自带线,3,5.74
air j,1,0.0
NARS唇釉,1,3.16
腾讯视频,84,2.14
Ps4 Pro,1,1.41
单肩包,10,38.08
显示屏27寸,1,4.0
范思,4,4.61
华为6X,2,0.0
华硕r414,2,0.0
阿迪达斯BB1109,2,1.73
运动,1,5.92
短裙,11,7.01
华为mate pro,3,1.41
休闲长裤,2,3.06
羽毛球鞋,1,5.1
明基显示器,4,3.32
前男友面膜,1,1.0
oppor9splus,4,0.0
三星手机,50,1.64
安徽话费,1,2.24
Iwatch,4,0.0
三星note 3,1,4.58
aj3,14,2.25
alienware,2,2.24
运动双肩包,1,1.73
256固态硬盘,1,0.0
手表女,31,3.46
耐克奥利奥,6,2.45
刀锋,2,3.78
苹果充电器,4,1.13
安耐防晒,2,0.0
小米充电宝,1,0.0
beats solo2,1,0.0
d7200,5,0.0
工装裤,4,5.02
乐pro3,3,1.73
天梭力洛克,6,1.25
努比亚z9,4,0.56
Nike运动裤,1,5.48
t6ti,2,2.0
ysl唇釉412,1,0.0
椰子泡,1,2.24
卡西欧tr750,7,0.38
施华洛天鹅,7,8.91
蓝牙键盘,16,1.77
深海塞尔,1,2.0
耐克球鞋,2,9.47
杜嘉班纳,1,1.41
iPhone 7耳机原装,1,1.41
三叶草贝壳头运动鞋,1,3.74
n25,1,0.0
浪琴手表,1,2.0
淡斑精华,4,3.54
精工,2,7.55
宏E5473G,1,1.41
1060,5,9.1
iphone5c,1,1.41
nb580,4,2.65
脱毛机,2,2.97
阿迪女休闲鞋,5,2.26
颈致霜,3,1.63
瘦腿霜,2,2.06
Nike华莱士,7,8.91
复古皮鞋,4,13.57
三叶贝壳头,9,7.71
赛睿鼠标,2,2.0
佳能16-35,7,1.0
传奇山地车,1,2.24
华莱士,41,2.69
索尼a35,2,0.0
一体机电脑,7,1.52
卡西欧 g-shock,1,1.41
mercer,1,0.0
圣罗兰全套,1,0.0
完美,7,1.46
破洞裤黑,1,0.0
大疆无人机,4,6.14
superstar slip on,1,1.73
男项链,1,0.0
索尼α7s2,4,1.1
匡威长裤,11,7.65
儿童手,1,1.41
二手iphone6s,8,1.24
bm bb霜,1,3.74
iPhone 7 手机壳,2,4.64
手表防水男,1,4.58
男士凉鞋,1,0.0
七分裤,17,5.49
去角质,14,5.47
卡西欧TR550,2,2.28
修容棒,7,2.91
卡西欧bga_185_7a,1,0.0
鞋,19,6.86
pc行李箱,1,2.0
眉膏,3,16.64
Nokia6,2,0.0
罗技g213,1,1.0
行李包,2,1.77
然与纯,3,11.68
运动折扣,1,1.73
xbox,17,1.86
Marc Jacobs相机包,2,0.0
汉米尔顿,4,2.6
爆米花,3,2.48
飞亚表,1,2.0
美妆,1,3.16
mk,27,3.73
阿迪女,4,3.68
马丁靴,1,3.46
阿迪达斯双肩包,10,2.01
惠普精灵1代,4,0.0
Gucci,19,14.48
补水仪,3,1.26
Xbox,2,4.02
jaybird,3,0.0
亚马逊,4,3.16
卡西欧TR,1,3.87
男戒,1,1.41
金士顿,9,4.74
nike sb,1,2.24
tcl,2,0.82
三星C7,4,1.85
维生素,2,1.41
乔1,5,68.76
套装,1,3.32
华为nova2,55,1.05
台式主机,4,2.42
电脑麦克,1,1.0
超轻本,10,4.15
相机,88,4.38
主机台式,3,0.0
游泳套装,4,2.18
架子鼓方克,2,1.0
赛睿耳机,1,0.0
彩妆套装,1,6.56
樱桃机械键盘,10,4.29
植美村bb,5,0.63
6splus,12,0.29
apple ipad,4,1.58
ipadmini,12,1.35
m8,7,2.35
书桌,2,0.0
水乳套装,5,5.37
ps,9,1.63
罗马仕充电宝,7,0.38
行李箱18寸,2,2.66
兰蔻 口,1,1.41
充话费,13,3.07
童鞋,9,11.91
相机包MK,2,3.61
华为mate9 pro,2,1.0
rev ep,1,1.0
baby-g,10,15.92
bb,3,8.29
直筒牛仔裤,1,0.0
空军一号女,9,6.04
apple pencil,16,1.0
玉石,1,0.0
拍立得mini25,9,1.05
tr750,3,0.0
男鞋木林森,3,25.99
适马70-200,2,0.0
女士鞋,5,11.75
三叶草 贝壳头 女鞋,4,6.27
骑车,3,1.41
防晒霜,10,1.0
净水器,8,0.99
tubular,1,1.0
电脑耳机,3,4.09
重低音耳机,2,3.6
New Balance,5,1.99
暗影精灵2,2,0.0
台式机,1,4.12
蔻驰男士手提,1,5.39
面膜美白,3,8.41
宁夏移动话费,1,0.0
植村秀眉笔,2,1.06
迪奥532,3,1.27
欧莱雅唇釉,5,1.0
6x,2,1.41
爱奇艺会员,22,0.45
AJ球鞋,9,14.03
max湿粉,3,4.02
黑天鹅,17,0.92
T恤阿迪达斯,2,4.78
登月,11,6.05
翻领半截袖,6,18.05
暗骑士,1,2.24
卡西欧数码相机,2,3.65
彪马短袖,11,6.48
阿玛尼ar,1,3.32
Nike女阿甘鞋,2,0.82
hp暗影精灵2代pro,7,0.46
二手iphone,1,1.0
拖鞋耐克,11,5.53
qq黄钻,4,3.74
运动鞋,92,9.77
三条杠,8,6.22
耐克书包,22,9.02
大air,3,3.49
zuk,77,2.26
雀巢,1,1.0
iPhone6splus,18,0.64
戴尔游匣15rp,2,0.0
安踏女鞋,21,5.28
耐克 男鞋,5,1.22
万斯高邦,1,0.0
大版形短袖黑男,1,2.83
nba球,1,3.46
美图M6,105,0.44
会计,1,0.0
贝壳头,13,10.61
泳衣女,6,11.85
低音炮,1,7.14
泡面,2,0.0
男人字拖,4,16.96
防晒衣女,3,7.3
burberry香水,1,0.0
LV男包,3,4.64
钢带,3,1.18
谜尚,1,3.74
nokia6,2,0.0
品胜,2,0.82
詹姆斯13,1,0.0
雷神STplus,4,1.3
华为智能手表,6,14.87
机顶盒,4,5.38
红石榴,5,2.8
西藏,1,0.0
佳能24 70,2,1.0
魅蓝e,23,4.09
纪梵希眉笔,3,0.0
彪马蕾哈娜,19,11.19
puma tsugi,3,1.0
阿迪达斯阿尔法,30,7.66
情侣包包,1,3.16
pure boost,12,3.22
兰芝气垫,3,3.45
貔貅,5,3.12
索尼黑卡,17,3.01
代步,13,4.69
70-200,2,0.0
内裤ck,1,1.73
黄金棒,10,0.63
红米note4X,5,0.95
vans男鞋,7,6.34
oppor9splusVR,3,0.82
特步女鞋2017夏季新款跑步鞋,1,3.87
牛奶,1,0.0
男士手表,8,10.66
健身包,1,2.65
电饭锅,4,0.0
耳钉   男,1,3.61
丝巾,1,1.73
逆龄,1,1.0
平板mini2,3,0.0
iphone7手机,1,0.0
阿迪达斯外套男,2,3.57
玛丽珍鞋,2,2.73
蒸脸器,1,1.41
applewatch,5,2.94
资生堂洗面奶,1,2.83
京天华盛,4,2.99
蓝牙耳机,115,2.52
芭比布朗,4,5.52
游戏方向盘,1,1.41
小米手环,82,0.8
项链女黄金,2,9.62
诺基亚8,1,2.83
男士长款钱包,13,22.95
迪奥变色唇膏,1,2.0
华为nova2plus,9,0.67
nike 开拓者,2,2.12
音乐播放器,19,4.6
洗面奶,29,2.61
话筒,2,3.46
韩版哈伦小脚裤,5,8.59
广角镜头,1,0.0
旅行包,9,9.41
小米蓝牙插卡音箱,1,0.0
湖南话费,1,0.0
游戏手柄无线,2,4.24
魅族 pro6,2,1.0
尤克里里,18,1.86
耐克短裤男,1,5.0
三星笔记本,6,0.41
AppStore,3,2.24
Adidas nmd,2,5.4
小米 6,4,0.0
圈铁,1,2.24
华硕灵耀U5000,4,1.15
AJ1白红,1,4.36
耐克官方,1,0.0
小脚裤牛仔,5,9.65
坐椅床,1,0.0
天梭表,2,0.0
荣耀畅玩6x,16,0.58
i7,2,1.0
ipad mini3,3,2.61
vdl提亮液,1,1.73
手机k歌,1,1.73
悦,1,0.0
美宝莲修容,1,1.73
施华洛世奇天鹅,1,2.0
眼镜框,1,3.16
湖北电信话费,1,0.0
琴,3,2.86
变速自行车,21,4.0
毛孔,6,1.22
小白鞋男,2,3.6
游戏主机,1,3.16
席梦思床垫,1,0.0
女连衣裙,9,8.45
YSL,23,4.88
adidas书包,10,9.62
雷蛇 鼠标,2,1.93
superstar slip on w,1,0.0
macbook,73,4.42
单肩包男,12,18.86
乞丐裤男,1,6.78
运动内衣,2,5.52
雷神,109,1.15
拿火吉他,1,1.73
光场相机,2,1.15
OPPOR9,14,1.6
htc,40,3.21
P9,1,1.41
拍立得式相机,23,50.35
李宁云三代,1,1.0
阿迪达斯鞋aw3938,5,1.58
新疆联通话费充值,2,0.0
不粘锅,1,0.0
手表男,46,43.21
三星s6手机,1,1.0
金项链男,11,17.41
芭妮兰卸,2,0.0
户外运动,2,6.11
supreme死飞包,1,0.0
gucci女,1,0.0
LG耳机,9,7.18
阿迪达斯鞋,30,7.63
700D,2,0.0
墨镜,46,5.86
欣兰,6,0.29
联想电脑,8,1.77
耳夹,1,0.0
相纸,4,0.0
华为m2,1,1.0
卡西欧表,4,1.0
身体美白沐浴露,1,1.73
辅食机,2,2.27
喷雾保湿补水男,1,1.41
电动剃须刀,1,0.0
三星显示器,32,1.99
戒指,69,4.72
罗拉,2,2.94
手竿,2,3.17
canmake,6,1.08
云南移动,1,1.0
阿迪达斯外套,21,8.37
8848,23,0.0
三星w2015,6,0.0
奶粉爱他美,1,1.73
口红爱丽小屋,4,3.44
短裤男,16,11.4
mini2,1,0.0
暴龙眼镜,1,3.16
nova,2,2.0
脱毛仪,16,5.49
话费河北移动,2,1.41
话费联通广西,1,3.0
洗发水控油,1,1.0
ultraboost,3,2.51
P8,1,1.0
本记本,6,1.0
电脑键盘,1,0.0
Applewatch,4,9.92
Xps,2,0.0
利拉德,1,2.83
伯爵11女,1,1.73
动感单车,2,1.06
小米5splus,3,0.0
铂金戒指,5,5.85
华硕笔记本电脑,11,3.87
领动,1,2.24
皮鞋,40,7.19
哈达威,3,2.25
旅行装,1,2.65
跑步鞋女,3,6.09
商务衬衫,1,1.0
抹胸,1,1.0
粉底霜,1,4.8
茵芙纱,5,5.01
背包男,17,5.92
iphoneSE,23,0.38
ysl羽毛,1,1.0
花漾甜心,1,1.41
素颜霜,23,0.51
卡西欧女款,1,0.0
处理器,2,0.0
女金项链,3,4.08
彪马 蕾哈娜,1,0.0
iPad 保护套,2,0.0
美颜相机,2,5.94
蛇形戒指,1,0.0
李宁篮球鞋,77,8.62
motoZ,4,2.0
夏季睡衣男,4,6.61
洗衣机,56,2.59
阿迪男短裤,2,2.06
ck戒指,1,2.83
科比11,11,3.05
尼康50mm f1.8g,3,0.0
三星s7曲屏,1,0.0
欧莱雅男士洗发露,1,1.0
奥尔滨,10,3.15
DNF,5,0.0
MAC口红,18,4.74
A21,2,0.71
小米手机4s,1,5.29
nars口红,2,3.48
悦木,2,1.44
ryzen,15,2.1
运动短裤,38,37.28
耐克布鞋,3,1.65
投影仪,35,1.51
苹果笔记本电脑,1,0.0
手机打印机,16,3.13
无线游戏手柄,6,0.93
守望先锋,10,1.03
雅诗兰黛 粉底液,1,0.0
衣服,18,0.89
膜法世家,4,3.61
登机箱24寸,2,4.59
5d3单反,3,1.41
苹果7plus中国红,2,1.0
低价Q币,457,2.05
Mk,1,3.74
阿迪达斯拖鞋,34,6.61
sum,2,1.41
空调圆柱,2,6.23
苹果5s手机,1,5.1
克罗心,1,1.73
小米mix,37,3.44
cpd海蓝之谜,2,2.45
佳能750D,1,1.73
天梭,248,7.88
simwood,1,2.24
彪马蝴蝶结鞋,5,5.12
富士xt20,2,3.54
束脚裤,5,4.84
资生堂水乳,1,8.43
小黑伞,6,3.96
每日坚果,2,2.37
金立手机,8,2.05
机械革命x7ti,7,2.04
头戴耳机,11,6.77
MACBOOK,1,0.0
NIKE FORCE,1,0.0
情趣,9,0.53
品胜充电宝,3,4.9
小新锐7000,3,0.0
显卡,94,2.89
coco小姐香水,7,15.41
vivo xplay5,1,0.0
破洞牛仔裤女,3,5.67
自行车永久,1,1.0
蔻驰男背包,5,22.19
范斯t袖男,4,9.57
女士太阳镜,1,1.0
魅族mx6,21,0.76
板鞋男,2,0.71
玛瑙戒指,1,0.0
QB,15,1.45
钱包mcm,1,2.24
881175,6,2.0
后水妍,1,2.45
三星on5,4,1.0
牛仔裤复古,4,6.6
会员,19,0.32
新百伦女装,1,3.0
逆战,1,0.0
特步男鞋夏季网面透气运动男,1,0.0
铝框行李箱,1,0.0
天梭情侣表,1,0.0
华为5s,1,2.65
森海塞尔,19,17.07
nike 拖鞋,1,4.8
伊思水乳,1,1.73
美图t8,99,0.2
雷朋眼镜,2,1.41
佳能长焦镜头,1,3.16
gucci蜜蜂,1,4.69
3空调,3,5.74
ga,2,2.01
港版,1,3.87
dior唇釉,2,4.68
狼蛛鼠标,2,4.03
橘彩星光,2,0.71
钱,1,0.0
超级会员,10,0.0
苹果watch,2,2.0
路由器,29,1.3
高帮男鞋,5,7.86
苹果7原装手机壳,1,1.41
dw,195,1.22
佳能,100,7.82
眼线,6,7.04
三叶草男鞋2017,3,2.49
匹克篮球鞋男鞋新款秋季耐磨,1,3.46
天王,5,1.91
新百伦996,2,3.18
D3300,1,0.0
游泳脚,1,5.48
防晒衣,25,9.72
new balance凉鞋,2,1.58
努比亚z17mini,32,0.85
ysl黑管,1,0.0
笔记本,123,6.38
nars 唇釉,1,5.29
蔻驰,51,11.38
耐克篮球鞋,89,8.02
黑胸罩,4,16.6
泳帽,2,3.36
nike flyknit,3,18.15
新百伦997.5,7,3.98
i7组装电脑,1,2.0
玉,2,1.27
luna mini,1,0.0
手表浪琴,1,3.16
炫龙者ddpro,2,2.67
行李箱女,2,14.89
碳纤维公路自行车,1,4.12
詹姆斯士兵,3,1.31
阿迪达斯t,1,3.16
iPhone 7充电器,2,6.4
晚安粉日本,8,0.75
卡西欧GA-400,1,0.0
铁三角耳机,13,2.1
网易,28,0.19
落地扇,1,1.41
球鞋,19,13.32
风扇 挂式,1,0.0
儿童定位手表,1,0.0
大嘴猴,4,10.16
爱马仕手镯,2,5.34
耳环周大福,8,3.58
kobe,6,12.75
迪奥粉饼,4,2.85
陕西联通,3,1.63
匹克,7,4.02
充电宝,215,2.2
祛痘面膜,2,3.32
motoz,3,2.0
Imac,1,0.0
迪奥forever粉底液,1,2.0
55寸电视,1,1.0
佳能800D,5,1.67
遮暇,3,2.65
OPPO R9,14,1.32
NB880,1,0.0
抄网,1,2.24
水光面膜服帖,1,0.0
修容,4,5.82
手机套,1,1.41
苹果iPad Pro,2,1.41
cpu散热器,4,0.71
台电平板电脑,1,0.0
周大福儿童,1,0.0
海尔,4,3.56
iPhone 6p,2,2.0
耐克女鞋夏,3,4.61
湖南流量,1,1.41
vivox5,1,1.0
iphone7p,21,1.86
休闲裤女,1,4.24
黑帽子,1,3.16
iphone6p,17,2.41
阿玛尼小胖丁,1,0.0
香薰精油,3,8.83
酷比魔方,11,0.0
身体乳,7,5.39
水杯男,4,0.58
酷派,28,2.93
耐克女跑步鞋,3,8.29
代步滑板,4,3.66
hifi播放器,2,57.98
按摩肩颈,1,1.41
华硕电脑台式,1,0.0
Hyperdunk,1,1.0
美宝莲,8,2.88
耐克男鞋毒液,3,1.63
女士泳衣,3,2.54
阿迪女鞋经典款,1,4.8
白鞋,4,11.44
supreme背包,2,8.77
锤子手机,56,0.28
颈部按摩,3,3.12
纪梵希口红,3,2.28
nike板鞋男,36,10.57
帐篷便携,1,0.0
dk手表,1,2.45
冰箱,152,6.72
迪奥粉底液,1,1.0
戴森,9,0.38
耐克跑步鞋男,8,11.54
索尼微单,13,1.31
黛珂,9,2.96
铁三角im50,1,0.0
aj11,48,21.97
小米max2,46,0.0
联想手机,4,0.89
AJ拖鞋,15,3.04
vivox,5,2.85
金立,74,1.1
耐克休闲外套,2,4.82
小米3,4,5.2
保湿水,5,6.8
beats3,2,1.0
moto,56,1.64
1080,20,2.82
阿迪达斯B27737,2,1.0
卷,1,4.58
瑜伽球,1,2.65
手包,7,3.13
手链黄金,4,2.99
阿迪夜光,1,0.0
博柏利男士香水,3,2.27
资生堂cpb,2,3.0
浪琴,230,9.84
紧身裤 七分 男子,2,3.89
爱马仕腰带,4,4.79
Fancl,2,5.57
耐克的篮球鞋,7,5.51
白金,4,23.73
运动文胸,1,5.92
保温杯,1,0.0
清仓,1,5.57
Make up forever,3,0.82
触屏手表,1,0.0
笔记本散热,2,2.48
大版型九分裤,1,1.0
vivoxplay6,6,2.97
乔丹,27,9.29
苹果6s,342,0.37
西部数据,2,0.0
魅族魅蓝5s,2,2.45
杜兰特篮球鞋,6,18.38
三星a9,7,1.46
情侣鞋三叶草,3,14.34
扬声器,6,3.61
luna,16,0.56
技嘉,2,1.41
匡威热狗短袖,1,5.29
狼爪,1,4.69
华为nova,24,2.52
boy,23,2.84
+字架,2,1.58
Nike Air Vapor Max,1,1.73
佳能ef50mm,2,1.0
jansport,4,39.02
男衬衣青年,4,8.03
宏暗影骑士,1,2.24
项链纯银,1,2.24
华为荣耀6x,6,1.41
江苏电信,1,1.0
aj30,6,0.53
solo2,10,0.56
1 more,1,0.0
止汗露女士,2,2.89
游戏记本电脑,4,2.24
佳能100d,6,0.0
罗西尼,5,6.04
破洞牛仔九分裤男,3,10.86
一叶子洁面乳,9,1.2
耐克 女裤,6,18.36
Tcl洗衣机,1,3.74
武士,8,7.83
P10,13,0.39
纪梵希粉饼,3,2.94
卡西欧手表粉色,2,4.04
苹果手表,103,1.52
情侣戒指,5,15.64
叶子学堂,7,0.0
罗技g302,1,1.0
护肤套装,12,5.15
Apple pencil,8,1.0
Swatch,4,1.52
妆前乳,25,23.18
复古工装裤,2,3.49
耐克滑板鞋,3,2.9
索尼相机,4,3.37
挎包 男,1,3.61
男生马丁靴,1,6.16
女裙韩版,2,8.05
Nike男鞋,13,13.24
Adidas花卉外套,2,1.27
金士顿优盘32G,1,0.0
无波空霸卡西欧,1,0.0
iPhone 7 Plus,9,1.0
r9,12,0.98
ck手表,58,3.13
A9,4,0.0
华为荣耀,58,1.48
iPhone7plus,18,0.47
索尼A5100,3,0.0
aoc,1,6.0
葆蝶家,1,2.0
美妆蛋,1,6.93
茅台,2,0.0
情侣装韩版,1,0.0
香奈儿面霜,3,1.19
鬼冢,7,5.3
城野医生,22,2.02
doodoo,3,25.46
发油造型,1,1.0
炫龙,54,1.41
腾讯扣币,2,0.0
士兵11,3,1.0
屏保,4,0.0
三星s 7,1,3.0
雷朋4171,1,1.41
内裤男,5,6.04
848187,7,4.23
雷朋墨镜,4,0.58
天梭(TISSOT)手表 PR100系列石英男表 T101.410.11.031.01,2,2.36
华为p10plus,20,0.55
机械革命i7主机,2,1.0
哈登1,2,1.26
华为荣耀V8,2,0.0
Nike小白鞋,1,3.0
魅族蓝牙耳机,2,0.0
雷神键盘,2,0.0
单车,2,16.81
行李箱男,1,0.0
adidas 紧身,13,65.66
JBL pulse,2,1.58
美容仪,15,3.03
安踏跑步鞋男,3,4.82
耐克 华莱士,10,10.99
阿迪达斯休闲短裤,9,1.49
匡威鞋,1,0.0
索尼a6000,1,1.73
华为揽月,2,1.0
芬迪包,3,3.64
雷柏,2,0.0
禁忌之吻,3,1.08
大卫杜夫冷水,1,0.0
紧身衣,3,4.12
华为mate9 Pro,2,1.0
喜德盛侠客,2,1.55
纪梵希305,1,2.83
西伯利亚b2霜冻之蓝,1,0.0
雨伞小黑伞,7,5.97
宝格丽香水,15,3.95
安踏鞋,12,8.06
音响索尼,2,7.27
35mm,2,6.4
罗马仕,7,1.2
c5 pro,2,0.0
阿迪达斯运动裤,16,9.97
阿迪达斯 贝壳,3,1.08
净水壶,1,3.16
佳能入门单反,5,1.43
乳液,8,6.59
彪马裤,5,4.84
白色休闲鞋,1,4.47
紧身库,3,2.57
魅族pro6plus,2,0.0
ROSHE ONE,1,0.0
魅族,306,1.77
阿迪达斯男鞋,29,4.95
欧文3,19,1.57
亚麻短袖男,1,1.73
联想天逸笔记本,2,3.16
联想小新Air 13 Pro,8,0.0
女士手表粉色,1,1.41
金手链,20,54.43
爽肤水,6,35.82
乔4,2,5.22
gs63,3,1.0
化妆刷专业,2,5.04
美图m6,14,0.0
史密斯,5,1.26
刘昊然,1,1.41
Vivo,2,2.24
耐克 科比,4,11.18
香奈儿眼线笔,9,1.05
彪马跑鞋,10,34.88
全脂牛奶,2,1.5
小米移动电源,4,1.77
S8,24,0.38
RMK,2,1.12
300ap,1,0.0
棉花糖,1,1.41
美黑,1,1.73
574,3,2.95
beats solo2 蓝牙版,1,0.0
短袖黑,3,7.18
Jbl,4,5.91
情趣丝袜,3,5.72
电脑显示器,15,4.24
巴宝丽包,1,4.0
饮水机,10,2.72
罗技302,3,1.0
苹果12寸笔记本,1,0.0
吉他虫,1,0.0
360n5s,17,0.0
彪马 女裤,5,5.55
尼康D750,6,1.22
dickies,38,17.01
中长板开衫外套,3,0.41
惠普 轻薄,2,1.41
手表 机械表,1,5.83
短裤牛仔,1,4.36
魅蓝E,2,3.32
空军一号高帮,1,1.0
Nike女鞋,7,8.45
双时区手表,1,2.24
美宝莲眼影,1,9.54
nike男鞋,7,70.39
usa,2,5.99
美白晒后修复,1,2.24
佳能17-40,4,0.0
苹果电脑,128,1.02
E3处理器,1,0.0
男装9分裤,2,2.47
QQ会员,108,0.7
罗技g100,1,1.0
惠灵顿手表,6,10.29
台灯,5,0.63
斜快办斜挎包,1,5.1
Lv,1,1.73
浪琴嘉岚机械男表,7,0.93
乔一芝加哥,1,1.0
耐克空军一号,5,4.17
毛绒玩具大,1,2.83
西装男,2,4.14
华为说p10,2,0.0
金戒指,16,9.54
Boss 效果器G100,1,0.0
oppoR7,3,1.0
Airpods,4,0.0
欧米伽,3,2.74
花花公子男鞋,24,14.93
x9plus,5,0.71
大众,1,1.41
提亮,2,1.58
ipad mini,37,0.77
乐心,9,1.18
微波炉,22,3.35
海鸥手表,1,0.0
oppo r9,4,2.03
可通话平板,5,2.24
aoc显示器,1,3.0
眼部按摩仪,6,3.95
鱼竿海钓12米,2,3.46
佳能760d,5,0.0
未来人类t7,2,1.41
瘦身,5,2.04
moto 360,1,1.0
小米路由器3,2,0.0
纪梵希口红13号,1,1.0
魅族note 5,2,0.0
362038,1,0.0
mini4,18,0.0
香奈儿唇釉146,6,2.42
关公金镶玉,1,0.0
望远镜,15,6.67
天梭PR100,11,6.18
阿迪达斯ZX750,1,4.47
天梭手表,4,5.16
手表手环,1,4.12
电风扇,30,1.9
补水,1,2.65
Nokia,7,0.76
海鸥男士时尚手动机械表,2,1.15
蓝牙,3,7.81
美宝莲气垫,2,1.0
蓝牙 耳机,1,4.58
OPPOR11,25,0.28
神舟zx7,5,0.0
新百伦短袖,12,2.69
安德玛耳机,1,0.0
平板iPad air,2,4.47
塔扇,2,0.0
t8,6,0.0
利拉德1,4,2.58
九州风神,2,2.24
足球衣,1,0.0
无线键盘,1,0.0
华为MATE,5,0.0
飞利浦,13,0.0
sp5d1,8,1.0
话费,112,1.96
耐克网鞋,1,3.16
腾讯视频vip,3,0.0
大疆 晓,4,1.58
平板 华为,3,3.74
手机充电宝,1,1.41
笔,2,4.37
乐视电视,9,3.1
相宜本草百合高保湿,1,1.41
5d2,3,4.89
日系裤子,2,0.71
洗碗,5,1.41
分期苹果电脑,1,1.41
游戏键盘,4,4.79
yeezy350,3,0.96
索尼黑卡全画幅,1,0.0
阿迪达斯迷你,1,1.41
菲诗小铺,4,2.6
flyknit,12,13.86
话费卡,52,1.65
背带裤,7,4.41
阿玛尼背包,1,0.0
平板电脑,273,1.84
电话手表,1,3.32
吉他木箱,1,3.16
Zuk,3,0.67
ipadmini3,3,1.41
运动挎包,14,5.99
香奈儿可可,4,17.1
爱丽小屋眼影,3,7.23
oppor9s,26,0.0
飞利浦电动牙刷,1,1.0
篮球鞋耐克,6,6.61
三地自行车,2,3.8
脸油,1,1.0
iPod nano,2,0.5
贝恒,1,1.41
蒂凡尼项链,2,3.51
赛睿6gv2,1,1.73
长裤嘻哈,6,12.25
手表男士,10,6.06
美度舵手,11,6.87
华为手表,4,1.5
手提包男,1,2.83
Adidas金标贝壳头,2,0.0
篮球鞋男,1,0.0
椭圆机,1,2.0
AJ篮球鞋,3,15.82
点券,2,1.0
李维斯手表,3,3.27
海盗船键盘k70,1,1.0
驾,1,0.0
火机,12,4.44
努比亚,290,1.43
蔻驰女包,6,27.16
TF,6,2.38
睡眠面膜,7,5.07
海南话费,5,1.26
佳能5d2,1,2.24
耐克气垫跑鞋,2,2.25
puma,27,14.77
tcl手机,7,1.69
吕洗发水,6,1.41
高跟鞋,14,3.96
雪肌精,22,2.58
touch,6,1.0
匡威男子T恤,7,11.39
苹果鼠标,6,1.26
圣罗兰香水,4,1.37
oppo原装耳机,1,3.46
天梭机械表,6,2.37
小米路由器,1,3.16
香奈儿衣,2,7.02
二手苹果,29,3.47
迪奥857,3,1.89
男士机械手表,10,8.46
手链男,6,1.83
阿迪达斯凉鞋,7,4.79
化妆包,1,2.45
洁面仪第二代,1,1.73
奢华洛世奇项链,1,6.86
aj1黑红,1,2.0
苹果6 s,5,0.71
雷朋3561,2,8.84
阿迪达斯女短袖,6,4.88
丹尼尔惠灵顿男士,2,4.56
欧米,1,1.0
足球鞋 耐克,1,9.27
代餐,1,1.73
三星S8,39,0.51
耐克中帮鞋,2,0.5
三叶草男鞋2017款,6,13.33
三星2016,6,124.44
NIKE耐克 正品 ROSHE ONE,1,0.0
显示器24,2,1.0
华为电脑,13,4.14
ABPM,1,0.0
移动话费充值,1,4.24
联想,36,4.06
男士眼镜,1,1.73
oppor7plus,2,0.0
白色短裤,1,5.0
多功能插排,1,0.0
瑞士女表,2,4.56
情侣衣服,1,0.0
Ysl,3,1.0
手机手柄,1,1.0
华为mate7,1,0.0
亚瑟士,60,5.35
g1600,2,0.0
手表女款,29,11.19
脚蹼,1,1.73
大码男鞋,1,6.71
华为平板M2,1,0.0
吹风机,39,1.91
Apple watch2,3,0.0
iPad mini2,11,2.24
手机防水袋,1,0.0
小西装,1,3.16
咖啡,1,1.41
佳能22mm,1,2.83
洗脸仪,3,1.92
10.5,21,4.16
耐克板鞋,63,3.68
彪马卫衣,5,7.25
mac魅可提亮,1,2.24
pure boost白色,2,2.38
齐博林,3,0.97
直筒裤,1,9.64
Sumsung s6,2,3.32
耳环,12,4.86
360手机,10,2.26
阿迪短裤男,7,10.66
hp暗影精灵2代,2,0.0
电动滑板,6,5.28
MIDI键盘,1,2.0
车按摩坐垫,1,0.0
迪奥520,1,0.0
dior844,1,0.0
天王表女,1,3.16
SE,4,0.5
护肤水,3,50.06
daniel,1,2.0
科12,7,1.36
天梭TISSOT手表T52.1.281.31,1,4.36
电子秤,3,1.73
aj鞋,11,2.96
任天堂,2,3.82
美迪惠尔,1,3.32
aj女1,6,2.92
MIDI键盘88键,4,1.2
nike 气垫跑鞋,5,4.85
钱包男士长款,1,0.0
三星显示器曲面,4,1.73
BOY,3,1.73
iPhone6 p,1,3.46
swatch,9,3.11
阿玛尼粉底,1,2.65
32寸电视,2,3.61
台式组装电脑,1,5.1
艾美特风扇,2,1.06
阿迪防晒衣,1,4.24
iPhone6s手机,2,6.87
iTouch,2,0.0
洗衣机半自动,3,3.61
卡地亚,25,4.24
芝宝,1,3.61
森田玻尿酸,1,0.0
aj,90,20.18
运动手表,26,49.16
暗影骑士,4,3.02
斐讯,2,0.0
dior眉笔,2,1.41
小米手机,36,2.32
腰带,18,16.93
男式金项链,5,17.11
白色短裤女,2,2.77
耐克高帮球鞋,3,11.25
永久山地自行车,1,1.73
VIVOX9,2,1.73
话费充值山东,1,3.32
锤子m1l,2,0.0
立领外套,23,8.76
耐克USA包,1,0.0
尼康镜头,19,1.72
ub 2.0,2,0.71
OPPOa37,2,0.0
充值码,2,11.94
阿玛尼黑管,6,0.89
联想zuk,5,1.0
小米5c全网通,1,0.0
组装机,17,8.62
渔竿,4,5.22
雅诗兰黛粉底棒,6,1.74
爱敬,4,0.35
大疆御,5,0.0
耳机beats,3,11.66
帆布鞋男,1,10.91
上海,2,1.0
北极狐,14,0.71
足球鞋 高帮,1,2.45
锐步休闲鞋,1,3.46
睫毛膏,16,1.83
福建话费,2,1.0
酷睿平板,2,1.0
迅雷,17,0.0
银手链,3,6.96
二手iPhone6s,2,1.0
beats耳机,1,2.0
nike 短裤,5,17.14
Puma,1,3.0
香奈儿包,5,7.79
短袖男,18,15.24
男士夏季9分裤,3,4.75
ipad pro2017,2,1.41
iPhone6splus二手,1,2.65
stan Smith,1,4.8
努比亚z17,96,0.27
神舟k670d,2,0.0
Macbook pro,3,1.41
金立 S10,2,1.0
Dw表带,2,2.83
PUMA X FENTY,2,6.71
索尼微单镜头,2,2.67
训练裤男,1,4.9
手机投影仪,2,3.11
nike air,18,22.89
红米4A,15,0.0
洗脸机,6,6.99
小米Note4X,5,1.67
Nike air,1,5.0
苹果充值,2,2.65
打底裤,1,0.0
单肩运动男包,2,3.48
倩碧,5,4.19
亚麻衬衫,2,2.47
甘肃移动,3,0.47
卡西欧钢带男表,2,4.3
真丝睡衣,1,3.87
美国 Digitech RP 系列 355 电吉他,1,0.0
奥克斯,16,2.85
海尔洗衣机,4,1.27
雨伞,19,8.22
魅蓝note3,7,0.0
AirPods,2,0.0
TissOT,1,8.12
喜德盛5000,1,1.73
鱼竿海钓6米,2,2.27
纪梵希小羊皮304,3,3.42
美图V4,3,0.0
阿迪椰子,9,3.53
超极本,5,6.37
gtx1050,1,3.46
聚拢胸罩,5,2.21
飞利浦电脑显示器,4,3.54
乔丹拖鞋,3,0.0
索尼电视,3,4.82
女,1,0.0
彪马男单肩包,2,5.66
pro,8,1.98
全民k歌,8,2.22
nike吕布,2,2.83
尼康 d7100,2,0.0
收纳盒,1,0.0
外套,15,28.94
adidas tubular nova,2,0.0
a6300,1,0.0
头戴式耳机蓝牙,3,4.93
裙子,47,32.88
泥王,2,1.44
礼品卡,15,0.0
沃尔玛,5,1.0
ck男士内裤,1,3.16
iphone6plus,35,1.48
女生手表,7,5.24
森海耳机,1,1.0
佳能80,8,0.0
佳能77d,5,0.0
tr600,1,2.24
链条手表 女,6,20.25
富士得,1,1.73
IPSA,4,1.84
伊蒂之屋眼唇卸妆液,1,2.0
索尼Z5,2,1.0
三星s,1,1.41
懒人鞋,22,16.1
项链施华洛,17,5.25
萨蒙斯男双肩包,1,3.61
一加3t,4,0.0
浓香香水,1,1.41
钥匙包,2,6.28
八分裤休闲,3,2.32
车载手机支架,1,0.0
机械师f117,5,0.45
Kindle,16,1.17
按摩,9,4.78
佳能750d,4,0.0
制冷风扇,3,1.85
电信充值,1,0.0
华为V8,2,0.0
CPB钻光,5,0.45
丹顿,3,9.2
运动鞋男,19,35.78
vivoxplay 6,3,0.0
御 无人机,3,0.0
运动背包男士,4,5.18
喷雾美白,1,1.0
佳能6d,24,0.0
SKII,2,0.0
85mm,1,0.0
眼膜,4,23.99
阿迪羽绒服,2,17.57
耐克乔丹男裤,2,1.0
双肩背包女,1,0.0
适马17 50,2,0.0
彪马网鞋,1,1.73
世纪美亚,2,10.0
定妆,3,5.64
雅诗兰黛持妆粉底液,2,5.37
QQ超级会员,68,0.44
coach钱包,1,4.47
男士洗面套装,1,0.0
透气t恤,4,5.53
库里,1,1.73
河北流量,1,1.0
耳环周大福铂金,1,3.0
美的手表,1,4.69
vivo x6,2,0.0
维C片,2,1.0
阿迪达斯贝壳头,12,19.54
高,1,1.0
canon5d,1,0.0
森海塞尔入耳,10,7.94
拖鞋男,9,4.34
牛仔裤,8,5.85
詹姆斯t,2,1.58
卡西欧小红表,1,8.43
ad椰子,5,4.09
苹果,330,1.06
清洁面膜,5,5.54
AJ31,4,2.6
卡姿兰气垫,1,0.0
羽绒服,6,23.88
手拿包男,2,8.7
斐乐,4,4.45
阿迪达斯y3,1,1.41
持久留香,1,0.0
拍立得mini,1,0.0
万斯权志龙,2,1.0
华为mate,24,0.7
金六福,1,1.0
江苏,3,1.26
网球鞋  男,5,38.61
powerbeats,3,1.0
曲屏手机,2,2.89
苹果7专用耳机原装,1,1.41
戴尔灵越,4,2.93
iPad。air,2,1.41
裤腰带,1,0.0
zuk z2pro,1,0.0
nb997.5,1,1.73
钱包男长款,3,3.47
银镯,1,2.0
运动鞋耐克,5,5.12
sanxing s7,3,2.07
华为,851,2.6
dior028,4,2.0
5171991,2,0.0
荣耀6x,2,1.0
成人,3,5.28
Yy学车,2,0.0
一加3T,84,0.13
睡裙女,1,2.45
cpu,7,1.14
惠普暗夜精灵,5,0.0
女性内衣,1,0.0
小新air,9,0.62
vans权志龙,2,4.03
惠普envy15,3,0.58
华为荣耀9,176,0.48
QCY,2,1.41
DC男鞋,8,5.35
miumiu,1,0.0
艾迪达斯椰子,1,2.24
坚果,101,0.8
Junkers,1,0.0
高帮帆布鞋女,1,6.16
二手苹果6S,1,1.41
天梭杜鲁,1,0.0
HIMIWAY电动滑板车,1,4.58
haba,2,0.0
小音响,1,0.0
随身wifi,2,0.0
湖南联通,4,0.71
WiFi,2,3.32
士兵,3,4.06
彪马拖鞋,18,2.67
dell vostro,1,4.36
YSL黑管,1,0.0
青年上班小翻领短袖,2,3.16
ga-110,2,2.02
华为mate9pro,14,0.0
内裤男大号,3,2.5
充电宝通用,1,1.73
sony,6,41.46
床,3,8.25
男士拖鞋,1,3.32
施华洛世奇手表,1,4.36
vans板鞋,4,2.87
液晶电视挂墙,1,2.83
二手苹果6,2,1.58
AHC面霜,1,1.73
sk2,7,2.23
雷柏蓝牙无线键盘,3,1.0
驾驶证,1,0.0
美图M8,55,0.34
阿迪达斯男单肩包,1,1.41
iphone 7p,2,1.0
纪梵希男装,2,13.36
IPAD,4,1.02
数位屏,4,1.34
卡西欧情侣,6,6.92
乐福鞋,4,12.01
7200,1,1.0
志高空调,6,1.26
眉粉,10,4.05
三叶草凉鞋,2,1.0
男直筒裤原宿,1,2.83
达芙妮,2,3.47
NIKE ROSHE ONE,1,0.0
科比12,1,0.0
美图T,2,1.0
阿玛尼,74,2.33
表,53,20.47
坚果大礼包,1,0.0
手表浪琴男,2,0.71
衣服男,2,2.01
美白面膜,7,4.74
阿迪男鞋,23,16.29
斜挎包女,3,7.6
电竞显示器,10,0.55
单肩斜挎包,2,3.49
丹尼惠灵顿,3,1.61
手柄,22,1.48
7p,32,0.45
oppoa37,7,0.0
柜式空调,4,2.2
OPPOr9splus,2,1.0
休闲鞋,42,9.21
游戏本,42,3.42
男钱包,3,5.18
魅族E2,7,0.0
偏光镜眼镜,1,2.83
小米Max 2,2,0.0
机械表siko,1,1.41
全身美白,2,5.7
纪梵希304,7,2.4
气垫口红,1,3.32
tf,2,2.83
拉杆箱铝框,5,5.28
一加手机5,13,0.0
阿迪达斯小椰子,15,8.65
拍立得,88,6.15
藏银手串,5,3.34
苹果 5,1,4.12
机械键盘茶轴,1,7.0
眉毛增长液,5,0.0
都市丽人,1,1.73
明彩笔,2,0.0
雪地靴男,1,7.07
鸭脖,2,0.0
ns,1,1.41
puma转盘,1,1.0
炖盅,2,2.55
恶魔之眼,28,0.68
酷狗音乐,8,1.0
华为nova 2plus,3,1.0
三星线控耳机,1,6.78
行李箱,277,4.28
男士小礼服,1,0.0
香水古驰,4,7.11
双时区,1,1.73
万国手表,1,0.0
体感车,3,20.64
施华洛诗奇,6,10.45
入耳式,28,28.19
BB霜,4,1.02
生肖,1,3.32
新百伦女,6,32.74
阿迪达斯三叶草外套,1,8.31
耳钉,14,11.09
iPad  mini4,1,0.0
万斯男鞋,4,1.0
宝丽来,1,2.45
折叠电动车,4,11.51
oppoa57,11,0.0
鞋 女,3,19.1
小米滑板车,11,0.82
蓝气球,1,0.0
博朗,2,2.65
手机充值湖北,1,1.41
联想新锐7000,2,0.0
美瞳,2,0.0
米6,11,0.0
派克钢笔,2,0.71
TF卡,3,7.37
平板笔记本,1,0.0
耐克855808,1,0.0
毒液,4,5.33
AJ11,6,6.61
dior口红620,9,4.75
华硕平板,1,0.0
卡西欧gg1000,3,1.74
乐视2max,1,1.41
雪花秀密皂,3,0.0
平板电脑Cellular,2,1.73
麦芒5,2,1.41
ysl粉底液,10,0.88
西服套装,1,0.0
运动拖鞋,8,5.86
纪梵希,44,1.6
前男友,3,0.71
魔兽世界,8,0.0
魅族5s,4,0.0
粉红魅惑,3,6.35
柚子保湿化妆水,6,1.37
努比亚M2,3,1.0
李宁女鞋,5,19.51
耐克运动女鞋,14,6.16
甘肃话费100,1,0.0
阿迪t,1,6.78
炒锅,1,2.24
雅马哈吉他,13,1.0
MK单肩包,4,6.27
苹果原装耳机,2,1.0
1080ti,7,1.41
黑龙江联通,1,3.16
托运行李箱,3,3.43
ipad pencil,2,1.0
af1,3,2.45
健康水,3,2.31
卡西欧手表 女表,1,2.24
solo2蓝牙,1,0.0
足球鞋耐克,12,4.23
iPhone 7二手,3,2.45
ysl圆管,5,1.0
click电脑包,13,4.38
iPhone充电器,6,3.0
折叠电动自行车,2,5.49
西藏联通,2,0.0
苹果平板,66,1.37
跑步短裤,3,4.76
女土服装,1,1.41
小羊皮,4,5.2
泥膜,3,6.68
韦德篮球鞋,5,1.92
星月,2,2.83
纯银耳钉,1,0.0
AMD,1,2.83
ck内裤,1,1.0
阿玛尼口红,12,5.21
水晶吊坠,2,2.33
男士祛痘面膜,7,1.02
阿玛尼405,6,6.52
荣耀耳机,5,2.21
伊思,9,2.56
黑武士,2,2.66
beatsx,2,0.0
手串男,3,2.25
iphone 数据线,2,1.0
空调,397,19.11
ysl斩男色,1,0.0
杜兰特战靴,5,4.83
蔓越莓,3,1.73
锐步,17,21.92
飞亚达四叶草,3,0.82
防水手表,8,3.17
雅诗兰黛彩妆,1,3.46
海盗船键盘,8,1.49
Vans,65,5.31
男生金吊坠,1,0.0
gtx1060,13,2.45
Adidas yeezy,1,1.41
花花公子衣服,1,0.0
永久自行车,6,0.0
空军一号,55,1.76
男性,2,1.0
3D眼镜,18,3.65
男鞋阿迪,2,12.57
征途,3,0.0
ck香水,6,1.0
迷彩t恤,1,0.0
puma ignite,2,5.76
话费 天津,2,0.0
阿玛尼短袖,5,4.05
msi游戏本,1,0.0
苹果蓝牙耳机,5,1.41
阿迪跑鞋 男,3,4.69
iphone7,136,0.36
苹果原装数据线,10,1.47
电视55,2,2.83
普拉达女钱包,8,4.3
面,1,1.73
ipad mini4保o套,1,0.0
板鞋 白,1,1.41
匡威新款,1,3.32
6SP,3,0.0
Adidas 小白鞋,17,4.71
定妆喷雾,6,6.27
kenzo,1,0.0
iphone 6sp,3,0.0
防晒袖套,1,3.32
三星c9pro,7,0.0
swatch男,2,2.2
葡萄籽,8,0.0
Adidas Neo夏季,2,6.11
apple pro,2,2.0
iphone 6s,5,1.29
air jordan 11大魔王,7,4.28
眼唇卸妆液,2,5.26
tama,1,1.73
组装电脑台式加显示器,2,2.92
u410,2,1.0
vt气垫,4,30.57
佳能5D4,10,1.0
ultra fly,1,1.0
Jordan11,1,0.0
吉普,4,2.71
Se,1,1.0
西装商务,2,2.55
联想电脑小新,1,2.0
r720,7,1.28
乔丹12黑红,14,4.0
重庆联通,1,1.0
杰斯伯,15,5.6
美度手表,1,5.74
古尊,4,8.93
杜兰特球鞋,1,2.24
5s,1,0.0
小米,408,1.4
手表 简约,1,5.48
帐篷户外,1,1.73
雅诗兰黛220,3,3.29
亚麻裤,5,25.73
mcm,11,2.53
vr,29,3.76
红米Note4,3,0.0
nb999,5,2.52
华为v8,4,1.58
moto 表,1,1.0
彪马休闲鞋,1,3.74
超薄 女款手表,2,1.0
游戏笔记本,8,3.88
Razer,1,3.0
dw手表,15,9.47
自动伞,1,3.74
主机,56,2.02
男生内裤,8,17.31
tubular X PK,2,3.04
xps15,3,0.0
神舟Z7,3,0.0
aj男鞋,2,1.12
oppoA57,9,0.41
卡西欧2086,3,9.92
阿迪达斯BB1105,1,0.0
RX10,1,2.83
ga-110ln,4,1.0
末日博士,2,0.0
GUCCI包,10,8.47
华为pro,2,0.0
钢链手表,10,3.32
supreme斜肩包,1,7.75
luna洗脸仪,1,0.0
fe50,2,0.0
欧莱雅洗发露,4,1.24
adidas 紧身裤,3,4.48
华为荣耀V9,6,1.41
kd9,5,2.29
adidas外套,2,10.48
索尼单反,2,2.09
AJ球鞋11,2,8.51
mavic pro,3,0.0
移动硬盘2T,1,0.0
上海联通,1,0.0
羽毛球拍,15,4.54
范斯短袖男,17,4.43
小翻领短袖青年,1,3.0
黄金手饰,1,1.0
cpb隔离,1,2.0
阿迪达斯罗斯7,1,2.45
耐克女休闲鞋,2,5.84
拉杆箱,34,8.9
大疆晓,4,4.56
aj球鞋,9,8.91
耐克休闲短裤,4,8.67
男士补水面膜,1,0.0
甘肃话费,1,0.0
fe,1,1.41
李宁短袖,12,20.47
阿迪达斯女,5,130.46
瑜伽垫,1,3.87
夏季高跟鞋女,2,4.53
防晒男,4,4.95
nike奥利奥,3,4.58
鱼竿,17,4.95
金士顿优盘,3,2.04
路亚,2,0.0
Ub,3,1.37
5d4,14,1.28
KOSE,2,1.77
眼线笔,31,4.12
boy短裤,2,1.58
Aj,2,17.97
游戏电脑,2,3.46
詹姆斯14,8,1.9
bb霜,3,7.46
联想R720,5,1.0
无线耳机,6,4.89
pro10.5,2,0.0
小羊皮 纪梵希,2,3.04
s7e,1,0.0
火锅,6,0.47
勒布朗13,2,1.12
海南联通,2,0.71
鬼冢虎,85,7.49
MG洗发水,1,6.0
沙发巾,1,0.0
飞利浦耳机,1,4.12
优酷,40,0.39
阿迪达斯罗斯,5,3.59
GTX1070,13,2.08
小新700,2,1.0
书包  nike  科比,1,0.0
枕,2,1.47
施华洛奇,23,4.93
BURBERRY,9,13.62
三星850,1,0.0
防晒用品,3,5.6
起凡,2,0.0
广州驾校,1,0.0
ysl逆龄,2,0.0
NMD,6,2.4
阿迪达斯夏季男鞋,12,9.86
海盗船 k95 rgb platinum,1,0.0
紧,1,3.61
三星s8,295,1.09
珂莱欧,3,2.0
华为Nova,2,2.45
荣耀6plus,1,3.16
男士内裤阿罗裤,2,23.28
iphone 二手,1,0.0
pony,1,0.0
钱包女,8,7.7
nike 男鞋,2,11.61
蔓越莓胶囊,4,1.32
qq会员,7,1.83
架子鼓,1,0.0
小米音响,2,6.51
篮球鞋李宁音速,1,2.0
耐克运动裤,1,0.0
香奈儿粉饼,13,1.91
金立W909,3,0.0
小电饭煲,1,1.73
浪琴机械女表,4,7.18
科颜氏牛油果眼霜,7,1.56
防鹨略硕,2,5.35
12期,2,0.0
无线Wi-Fi,2,1.26
公路车,6,6.85
适马85,2,1.73
彪马 suede classic,3,0.96
善存,1,0.0
oppo a59s,2,0.0
李宁休闲鞋,15,26.49
椰子鞋,15,6.76
win板,1,2.65
男鞋,116,21.58
京天华盛i3,1,0.0
索尼a6300,1,0.0
S7,5,1.97
nike空军一号,1,3.32
SK,1,1.73
台电,5,2.71
cf,12,3.23
iPadair2,6,1.45
佳能77D,3,1.41
蒂芙尼,6,2.52
大疆  晓,3,4.69
青年上班短袖,1,2.45
nmd,58,9.03
摩托罗拉,27,2.26
祖马龙男,3,0.67
坚果pro,49,0.38
运动拉力绳,1,0.0
OPPO数据线,5,3.75
小叶紫檀,4,2.65
安德玛,6,2.89
散粉,26,2.27
梦幻西游手游,2,0.0
苹果笔记本,71,1.03
华为充电器,2,1.73
硅胶,1,10.82
上海迪士尼,1,1.0
极光z4air,1,1.0
Pro5,1,0.0
爱步,2,0.82
大包,1,1.73
ysl镜面,2,4.95
户外桌,1,1.0
暗影精灵,52,0.61
金立s10,76,0.0
清风跑鞋,2,3.7
短袖 女,1,5.74
荣耀8青春,31,0.0
耐克夏季鞋,11,2.62
贝德玛,1,0.0
卡包,2,1.41
MOTO,8,2.27
女短裤,1,3.16
周六福,3,0.0
prada,1,7.42
纪梵希散粉,6,0.85
iphone  se,4,0.71
浙江电信话费充值,1,2.24
阿迪达斯防晒衣,1,4.12
去黑头鼻贴,3,1.63
AJ男鞋,5,6.19
平板电脑mini2,1,3.16
三星s8无线充电器,4,1.73
海信柜机空调,21,10.54
Ck,3,1.0
三星s7edg,2,0.0
moon,2,1.26
男士内裤,13,11.59
齐柏林,1,2.0
笔记本苹果,5,0.77
大版型五分裤男,2,0.71
椰子350,34,3.57
内裤女,1,3.32
蓝牙手表,1,0.0
苹果6Plus,1,6.78
ub,6,3.74
修容粉,3,1.7
陕西移动,1,1.41
三叶草  凉鞋,3,0.0
台电X80,1,0.0
MK,10,5.96
OPPO运动手环,7,2.76
运动裤男九分,4,9.94
New balance男,6,13.48
佳能6D,6,1.0
腾龙10-24,2,0.0
耐克阿甘鞋女,1,0.0
iPhone 6plus,14,2.74
香奈儿口红58,5,2.46
乔7女,6,1.95
联想710,4,1.0
迪奥口红黑管,5,2.25
蛋白粉,2,1.58
尼康d7200,1,0.0
iphone6s plus,18,3.27
古驰男士钱包,1,3.32
Boy,4,2.14
mac定妆粉饼,1,3.74
coach 男钱包,3,3.15
耐克鞋女,4,4.3
福建联通,2,1.58
boy羽绒服,1,2.45
苹果7红色,3,1.41
匹克篮球鞋,2,4.17
优盘,5,3.24
雅漾,4,3.35
话费 湖南联通,1,0.0
巴特勒,1,3.32
二手iPhone,6,1.96
紧肤水,2,1.0
五分裤男,5,3.31
骑行装备,5,8.69
coach男款钱包,1,2.83
波轮 海尔,2,2.58
外衣服,1,3.0
男士胸包,1,3.16
黄历戒指,3,1.77
Air force,4,5.71
苹果5s,47,3.77
华为青春,2,1.0
surface pro,8,0.79
双肩包商务,4,2.11
魅族耳机,9,1.41
steam,69,0.27
Adidas 女 外套,1,4.9
神舟,140,1.56
天津移动流量,2,2.0
美商海盗船,1,6.78
太阳伞,12,9.11
Oppo,5,2.05
罗斯7,1,0.0
电热水器,14,0.79
泳镜,2,5.74
携程？,1,0.0
生日礼物,2,6.29
悦诗风吟精华,1,1.0
四川移动话费,1,1.0
美背喷雾,1,0.0
男士挎包,1,1.73
杜嘉班纳钱包,2,11.79
清风,1,1.73
max90,2,1.41
硬盘1T,1,1.0
黄金首饰,5,5.02
足球裤男,13,7.86
iPhone6 Plus,4,3.48
地下城与勇士深渊票,1,0.0
iPhone7p,5,1.0
new balance530,11,15.6
文胸套装,1,4.58
河南移动,1,0.0
苹果播放器,3,1.41
阿迪,21,5.3
范思哲粉钻香水,2,0.0
小赵云,1,1.73
1050显卡,1,1.41
MCM,12,5.94
护发,1,5.0
MacBook Air,3,4.93
喷雾器,1,0.0
二手iphone 6sp,3,0.0
beats x,4,0.0
三脚架,9,1.38
安东尼13,1,0.0
iPad4,1,0.0
广西话费,3,0.0
703095,2,0.0
iPhone手机专用U盘,3,0.82
Ucc山地自行车,1,7.42
口红tf,2,0.0
补水仪器,1,0.0
网球拍女,1,0.0
oppoR11,37,0.43
iPadmini2,1,3.16
湖北电信话费充值,2,1.27
金立w909,6,0.0
LV nano,2,2.24
纪梵希钱包,4,2.29
DW女表,9,1.31
耐克欧文,1,0.0
三星c7,7,3.78
兰蔻卸妆,1,1.41
puma 拖鞋,2,2.06
游戏机,3,0.0
刀锋显示器,4,1.0
床上用品,2,1.0
pad,1,1.0
悦诗风眼霜,2,1.0
气垫,58,1.54
阿迪半袖,2,2.92
iphone6splus,14,1.06
篮球球衣,1,3.32
mk铆钉,3,8.44
Beats,13,0.39
懒人椅,1,0.0
适马70200,3,2.65
KD拖鞋,1,0.0
运动套装夏季男士,1,2.83
滑板,1,3.74
冷水,3,0.0
篮球服,2,4.61
iphone 6,3,0.0
乔丹11女款,2,3.54
天鹅,13,1.68
iPad MINI,1,1.41
卡西欧石英表,3,14.94
kd10,15,0.61
小米电脑,19,7.46
微软笔记本,2,1.5
瘦腿袜,1,0.0
捷波朗,2,3.61
罗兰电子合成器,2,2.65
新百伦短裤,1,0.0
阿迪达斯短裤,56,2.34
欧米咖,1,1.41
彪马单肩包,17,4.25
秋季卫衣男,2,6.72
移动话费辽宁,1,1.41
铂金项链,1,1.0
戴尔 燃7000,5,1.67
情侣表,24,3.98
adidas小椰子,2,1.58
阿玛尼大粉底乳,3,2.92
dw女表,2,1.73
空调1.5匹,4,4.53
苹果6s二手,1,0.0
阿甘跑步鞋,5,8.48
fendi,7,6.24
阿迪夏季鞋,1,2.24
魅蓝5,9,2.07
CHANEL包,1,3.32
赛睿m650,3,0.0
CK手表男士,1,6.32
荣耀magic,6,4.0
电动摩托车,5,1.48
诺基亚,106,1.61
月见草,4,0.82
台式,1,2.83
止汗露,1,1.0
惠普电竞版,5,1.67
小米耳机,27,1.08
阿迪达斯阿尔法小椰子,12,8.85
彪马 suede,4,4.08
内存条,22,1.12
库里球鞋,2,2.58
新 ipad pro,2,1.41
三轮电动车,1,0.0
卡西欧男表GA1000,3,3.46
电脑包,50,14.17
华为p9plus,5,0.71
彼得兔,1,1.0
铁三角女毒,2,1.0
话费上海,1,0.0
板裤,1,1.41
T恤男士,30,13.45
女表,74,41.54
匡威半袖男,2,0.0
鸿星尔克运动鞋,2,2.25
zippo老虎头,1,0.0
iPad。pro,1,0.0
ILCE,1,1.73
adidas篮球鞋,7,5.72
iphone 7 plus,8,0.97
极路由,2,1.41
绿钻,6,0.0
男衬衣,7,3.16
飞利浦电动牙刷sonicare,23,1.88
耐克 SB,1,1.73
adidas女裤,1,2.24
漫步者h,1,1.41
电信手机,15,1.17
长裤男装,6,17.98
三星GALAXY s6,8,2.51
Nike 板鞋,1,5.0
皮鞋男,11,12.32
方表,1,4.58
黑色牛仔裤,1,2.65
哈登1代,2,1.5
耐克鞋男,20,4.46
席梦思,3,0.0
乐视pro3,2,0.0
PUMA Suede Platform,12,26.68
数码相机,5,2.07
施华洛世奇渐变色天鹅,5,0.0
吉他,133,7.33
mx6,9,0.0
华为10,3,0.0
扫地,1,1.73
new balance998,1,1.0
ipad 2,3,1.82
华为荣耀6plus,1,3.0
斯伯丁篮球,9,5.62
青海话费,2,2.06
nars丝绒,1,1.0
苹果7膜,2,4.02
华为笔记本,4,0.0
耳挂式,1,3.0
森海塞尔 大馒头,1,0.0
挂烫机,6,3.97
转换器接口,2,1.0
华为matebook x,2,1.41
dior香水,2,6.15
罗西尼男表,3,19.2
kate spade,1,6.86
小米体脂,2,1.0
粉底雅诗兰黛,2,0.0
女士短款钱包,2,5.85
卷发棒,2,0.5
819474-106,2,0.0
美图,700,0.92
席梦思床,1,0.0
101001,1,0.0
投影仪家用,2,5.0
女装,4,16.42
充话费山东联通,3,0.0
天王女表,10,13.71
2017年新款nike,1,5.66
春季男鞋,8,11.82
iPhone5s,12,12.12
资生堂悦薇,4,2.04
冷风扇,6,1.15
携程,922,0.29
联想z2pro,4,0.0
刮胡机,7,1.69
ipad pro12.9,4,1.0
夜光手表,6,1.51
牛仔短裤男,5,10.62
碎屏,8,0.0
华硕顽石,2,1.41
相机包,1,2.45
奥马,1,3.87
vivo x9,6,0.71
电水壶,1,0.0
iPhone 5s,3,4.16
适马50 1.4,2,1.0
aj29,3,0.0
dw手表女,1,3.87
144hz,5,1.0
puma运动鞋,1,4.58
Supreme,3,3.91
vr眼镜,4,1.89
卡西欧自拍神器,7,0.0
巴宝莉男包,1,3.0
补水面膜,7,32.62
雅马哈加振吉他,2,2.83
mac,48,5.35
假两件运动裤,2,14.16
金立M5,1,0.0
大屏手机,1,3.32
薯片,1,0.0
露华农,3,0.0
显示屏,10,2.73
睡眠,2,0.0
沃尔,2,1.69
g900,3,1.73
make up,1,2.83
耳机骷髅头,3,1.41
工装鞋,1,11.22
福建联通手机充值,1,1.0
卡,2,1.58
牛仔裤休闲,5,5.77
科10,4,1.43
智能代步机,2,12.27
sum37,4,1.41
三星s8加勒比海盗,3,0.0
瘦脸,5,2.92
nike T恤,1,3.87
dnf,29,0.51
zippo,37,6.87
surface3,2,1.75
剃须刀博朗,4,1.9
雷神火星,5,7.75
雅诗兰黛粉底液,16,0.62
卡文克莱,2,13.03
佑游店,2,11.31
防鹨,4,2.63
收缩毛孔,10,4.84
口红纪梵希,2,0.5
ysl圆管45,1,0.0
Kobe,1,3.74
魅族metal,2,0.0
Adidas贝壳头,1,0.0
9分裤,3,9.24
耐克帆布鞋,1,3.32
特步,6,4.96
斯凯奇 休闲鞋,1,3.0
ysl粉底液超模,1,0.0
欧文三,4,1.41
香奈儿细管口红,1,0.0
剃须刀飞利浦,1,5.0
松子,1,1.41
密码箱,1,3.16
苹果6 九新,1,0.0
华为青春版,2,2.83
NB574,8,3.09
黑武士情侣鞋,4,0.5
三星玄龙,6,1.0
欧文,10,2.0
卡西欧手表g-shock,2,1.58
PS4,28,1.06
城野,1,0.0
蓝宝石戒指,1,0.0
海鸥表,2,11.34
大卫杜夫,15,1.23
阿迪达斯,268,4.2
CK,20,23.38
护肤,5,6.03
运动裤女,1,5.92
尼维亚,1,1.41
孕妇卸妆膏,1,0.0
二手苹果6plas,5,0.57
短裤,93,2.27
欧莱雅,48,4.02
ipad mini 4,3,0.0
男士五分裤,3,6.03
耐克阿甘,4,13.21
亚瑟士复古,16,14.5
炫龙毁灭者DC,4,0.0
立式空调,18,1.58
钓箱,3,0.41
伊丽莎白雅顿,1,0.0
香水,93,8.58
阿迪滑板鞋,2,0.91
地下城,9,0.0
耐克air max 849559,2,6.4
后,1,2.0
xps13,2,0.0
吸尘器,1,5.0
情侣手链,1,1.0
达尔优鼠标,1,1.73
女裤子,1,4.8
深海鱼肠,1,0.0
aj31low,2,1.41
新疆话费,1,1.73
电竞显示器27寸,2,0.0
二手手机苹果7p,1,3.32
魅族max,2,2.24
电子手表,9,11.16
天梭机械,5,10.78
魅蓝max,3,0.0
哈登篮球鞋,3,3.99
iwc,1,0.0
男士+字架,2,4.36
一叶子面膜,10,1.12
短衣短裤,1,2.0
口红可吃,1,0.0
手链男士,3,8.74
电脑主机,25,4.07
IPad,13,1.3
起凡通宝,7,0.0
娇兰小黑裙,1,1.41
红白万斯,1,0.0
男款单肩包,5,6.3
眼线膏,1,1.41
华硕飞行,4,1.0
后套盒,1,1.73
小米笔记本12.5,3,0.0
纪范思,2,1.75
yaman,7,1.75
连衣裙,86,11.1
话费北京,2,1.0
芬达电吉他,2,0.0
乐视2pro,14,2.36
小米Note,4,22.06
adidas女鞋,8,13.42
卡西欧手表男黑色,1,5.2
彪马男鞋,25,5.44
iPhone 7plus,47,0.71
运动外套,22,14.76
华莱士男,8,6.77
免息,6,1.8
15-30,1,0.0
婴儿戴的银镯子,19,1.23
男款手镯,3,17.15
帐篷,10,3.71
天王表,13,13.87
乔丹篮球,1,0.0
携程礼品卡,177,0.4
高板男鞋,20,27.06
T8,20,0.4
联想z50,2,0.0
铁三角ATH-IM70,2,1.41
匹克篮球鞋男鞋,1,6.32
泰勒吉他214,2,3.88
64G24期免息,2,3.0
Adidas,25,34.68
男靴,1,3.74
黑头导出,1,1.73
匡威T恤,1,2.83
阿迪凉鞋,4,3.94
MP4,2,3.3
效果器,6,1.01
韩版小脚裤束脚裤,2,9.01
Q,7,1.77
宾格,3,4.77
魅族note5,12,0.0
洁面仪,3,3.62
华为mate9,77,0.67
i7 7700k,1,3.32
凉拖,2,11.95
机械硬盘,13,7.87
戴尔燃7000,8,1.54
VIVO,2,0.0
阿迪运动鞋男,6,2.89
849558,5,1.11
SK2,2,0.0
签字笔,4,0.61
索尼手机,7,9.94
rx480,12,0.65
空军1号,4,5.18
钓竿,4,11.69
内衣套装,2,2.9
罐头,1,0.0
魔声,29,11.34
卡西欧相机,19,3.66
三叶草女鞋,5,82.64
空军一号女鞋,8,3.39
美白补水喷雾,1,1.0
innov,5,0.0
CPB钻光 日版,2,2.06
i5 7500,3,4.12
CK手表,2,1.6
瑞士军刀,2,11.14
小辣椒手机,1,3.32
自行车锁,2,0.0
air jordan 7,5,6.13
spa暗黑,1,1.41
果汁豆浆机,1,0.0
二手iphone 6 plus,4,2.6
钻石,1,3.46
话费湖北移动,2,1.79
双肩包男皮,4,6.35
黄钻,28,0.43
亚瑟士跑步鞋男,4,4.81
70 200,1,2.65
浪琴女表,12,3.21
耐克板鞋 纯白,2,0.0
苹果无线耳机,4,0.0
施华洛世奇耳钉,3,9.08
定妆粉,10,1.06
冰箱 小型,3,3.55
闪迪固态硬盘,2,0.0
mac mini,4,0.0
低腰袜子,6,8.16
三星s7 e,2,1.3
科比曼巴精神球鞋,4,0.71
Tommy Hilfiger,1,4.8
iPhone6二手,1,1.0
科比耐克球鞋,8,2.35
学车,3,0.67
男款凉鞋,5,6.96
LV钱包,2,15.51
mac口红,25,2.72
钉鞋,1,2.45
炫龙x6,3,0.0
耐克 篮球鞋,4,6.97
天梭5450,1,0.0
男款黄金戒指,1,3.32
AF衬衫,2,4.63
乔12黑红病倒,1,0.0
aero 15,2,0.0
滑板车,19,1.89
畅游人电竞,3,1.0
匡威女鞋,9,7.12
bv皮带,1,3.32
话费山东联通,1,1.0
CK 女表,2,2.48
篮球袜,6,2.04
指环,2,1.73
镜头,2,2.45
nike air max 2016,1,2.45
清仓鞋,5,22.39
川久保玲,3,1.37
卸妆,7,12.39
索尼头戴耳机,3,16.67
mcm大号,1,1.0
排球鞋,1,0.0
安德玛篮球鞋,2,1.41
boylondon,1,0.0
转运珠,18,3.72
s10金立,3,1.0
圣罗兰妆前乳,2,0.0
钱包,92,92.55
女装短裤,4,13.22
aj4,9,4.2
mac book pro,3,2.09
男款耳钉,1,4.9
小米空气净化,1,0.0
登山包,1,4.8
赛睿 鼠标,2,2.02
金标贝壳头,1,2.24
app store,12,2.73
大号短袖,6,2.44
Aj拖鞋,5,2.01
jordan篮球鞋,5,12.49
狮王祛痘,1,0.0
潘多拉,21,8.25
aj女款运动鞋,2,2.67
乐Pro3,3,0.0
华为荣耀8,87,1.03
华为mate 9,2,0.0
七格格夏季,1,4.0
玄龙骑士,7,1.0
金盏花爽肤水,1,0.0
卡西欧手表女,9,14.28
播放器,1,9.38
篮球短袖,1,1.0
口红香奈儿,3,0.71
华为n2,1,1.41
QQ币,7,0.6
Burberry,6,16.49
尼康d810,2,0.0
小吕布,5,1.83
空军一号蓝色,1,0.0
施华洛世奇,143,3.73
古奇,1,0.0
阿玛尼表,24,2.69
诺基亚3310,3,2.79
脱腋毛,2,1.41
电竞,3,1.0
话费天津移动,1,1.41
唇部护理,2,0.0
臂力器,1,1.0
MacBookpro,11,1.57
阿迪跑鞋,12,3.35
男鞋运动鞋,1,3.16
沐浴露,15,5.7
ssd固态硬盘,1,0.0
ipad air 2,1,1.0
mk链条包,5,8.43
雅诗兰黛粉底液double,2,1.26
微单a5000,1,0.0
c5pro,7,0.76
餐桌,2,1.58
鬼冢虎懒人鞋,3,1.03
兰蔻眼霜,2,1.58
美牙仪,2,9.18
三叶草小白鞋,7,3.95
甘肃电信,2,1.73
得鲜,1,0.0
匹克单肩包,2,4.3
越野车,5,19.7
华为p10p,3,2.0
1+5手机,3,1.41
zippo金冰炫彩,1,0.0
Apple,24,3.63
乐视2,8,0.62
rx100,1,0.0
iPhone5,9,3.6
帆布鞋,20,2.15
moschino,6,18.04
兰蔻妆前乳,1,3.32
匡威开口笑,30,9.4
短袜,1,2.24
美度女表,27,22.51
sk-2,1,0.0
王者,12,2.35
正品手表,6,11.51
适马1,2,0.71
荣耀平板2,6,0.58
勒布朗詹姆斯,6,1.22
iPadpro10.5,3,0.0
男包,20,30.88
计步器mp3,1,0.0
曼秀雷敦（Mentholatum）男士修护润肤乳50ml,1,0.0
耐克低帮篮球鞋,1,2.0
防晒衣阿迪达斯,3,3.2
自然堂,4,1.93
特步男鞋透气跑步鞋男夏季,1,5.48
三星s6+,3,0.0
新百伦女鞋,27,29.95
Luna,1,0.0
LG G5,2,1.58
优酷会员,14,0.0
锐龙,1,1.73
高丝雪肌精,1,1.41
手电筒,1,0.0
asics,8,15.5
贵州移动流量,2,2.92
戒指女士万足金,1,0.0
达尔优机械键盘,4,5.84
化妆刷,15,3.52
zuzu 水光面膜,1,1.41
香水 男,2,4.1
耐克书包男,2,4.91
车靠枕,1,0.0
荣耀畅玩平板2,2,0.0
361,3,7.53
简约小椰子,3,10.24
纤薄设计冰箱,2,1.73
方便面,2,0.0
埃微,1,0.0
情侣运动鞋耐克,1,2.0
Adidas女鞋,6,9.1
手镯,39,17.33
御泥坊,17,4.23
sleek眼影,5,1.44
d 700,1,0.0
苹果6sp,49,2.84
身体美白乳,2,0.0
高跟鞋坡跟,1,0.0
透气跑鞋,1,6.86
WINNER手表,2,2.12
vans17,1,0.0
施华洛,18,5.42
鬼虎冢,8,3.8
耐克小白鞋,1,3.0
bq9101,3,1.0
小鸡手柄,2,0.0
漫步者音响,4,5.09
蔻驰男包,10,4.01
ps vr,2,0.0
华为8青春版,4,0.0
nike 训练鞋,3,1.22
瘦腹霜,1,2.45
三叶草男裤,2,3.49
雷蛇键盘,2,2.58
卡西欧女士手表,3,1.84
canmake粉饼,2,3.54
天梭女表时尚金色,2,4.07
运动耳机,22,16.42
手表女款石英,3,12.41
依斑娜RC,2,0.5
香奈儿印记,1,3.87
荣耀青春8,2,1.41
上海话费,1,0.0
Armani内裤,1,4.9
男包双肩 三叶草,1,0.0
Aj13,1,7.68
1加5,43,0.0
阿迪达斯NMD R1,1,0.0
行李箱卡通,4,7.32
网球鞋 男,3,6.68
浪琴机械手表,2,1.69
鬼逐虎,1,1.0
耳机头戴式,11,5.79
电煮锅,2,1.0
角质,1,1.0
安踏,74,4.55
微软新笔记本,1,0.0
拍立得相纸,2,0.0
蛇毒眼膜,3,1.73
苹果电脑充电器,7,3.07
移动,1,2.24
拖鞋男耐克,4,8.87
ipod,30,0.97
衬衣男,7,4.04
耐克860633,1,0.0
亚瑟士男鞋,11,8.62
路由,1,0.0
HX9362,1,0.0
NALA,1,0.0
贝格曼,4,4.53
智能手环viv,1,3.16
jbl,6,1.13
银项链男,4,11.6
Zippo打火机油,1,1.73
匡威短裤,1,1.41
华为x2,1,1.73
库里2,1,1.41
台式电脑套,1,1.41
三星s6edge,1,1.73
凉鞋男,25,7.43
行李箱美旅,7,8.7
vapormax,3,9.54
苹果6s64g,1,0.0
air,6,0.97
杰克里里,1,1.0
iphone6s,164,0.42
灵越游匣,2,0.0
香奈儿 粉饼,4,0.35
阿迪达斯涉水鞋,2,5.52
redline,1,0.0
耐克华莱士,18,4.15
神州战神,25,2.55
iPhone6,97,3.13
Dw,17,1.31
训练鞋,3,8.65
飞利浦电饭煲,2,1.44
泰国羽翼,3,1.54
祖马龙,9,5.01
新百伦,106,6.15
未来编织,5,3.74
化妆套装,3,5.91
普拉达,2,14.51
充值上海移动,1,4.24
ipad2,8,1.59
耐克登月,9,6.0
小米胶囊耳机,2,1.0
小型电瓶车,2,23.35
索尼头戴式耳机,2,0.0
平行车,2,0.0
跑步鞋男,11,19.34
索尼耳机,35,4.13
项链吊坠猴子,2,0.0
一加,703,0.0
